Value,Date,Sub-Sector,Super Region,Energy Product,Flow Breakdown,Time Level,Country,Unit of Measurement,Source
24.66,2020-07-01,JODI OIL-WORLD DATABASE,GLOBAL DATA,TOTAL OIL PRODUCTS,DEMAND,MONTHLY,BRUNEI DARUSSALAM,THOUSAND BARRELS PER DAY(KB-D),JOINT ORGANISATIONS DATA INITIATIVE - JODI
2075,2020-07-01,JODI OIL-WORLD DATABASE,GLOBAL DATA,TOTAL OIL PRODUCTS,DEMAND,MONTHLY,GERMANY,THOUSAND BARRELS PER DAY(KB-D),JOINT ORGANISATIONS DATA INITIATIVE - JODI
55.9,2020-07-01,JODI OIL-WORLD DATABASE,GLOBAL DATA,TOTAL OIL PRODUCTS,DEMAND,MONTHLY,CYPRUS,THOUSAND BARRELS PER DAY(KB-D),JOINT ORGANISATIONS DATA INITIATIVE - JODI
187,2020-07-01,JODI OIL-WORLD DATABASE,GLOBAL DATA,TOTAL OIL PRODUCTS,DEMAND,MONTHLY,SWITZERLAND,THOUSAND BARRELS PER DAY(KB-D),JOINT ORGANISATIONS DATA INITIATIVE - JODI
18309.48,2020-07-01,JODI OIL-WORLD DATABASE,GLOBAL DATA,TOTAL OIL PRODUCTS,DEMAND,MONTHLY,UNITED STATES,THOUSAND BARRELS PER DAY(KB-D),JOINT ORGANISATIONS DATA INITIATIVE - JODI
86,2020-07-01,JODI OIL-WORLD DATABASE,GLOBAL DATA,TOTAL OIL PRODUCTS,DEMAND,MONTHLY,AZERBAIJAN,THOUSAND BARRELS PER DAY(KB-D),JOINT ORGANISATIONS DATA INITIATIVE - JODI
8,2020-07-01,JODI OIL-WORLD DATABASE,GLOBAL DATA,TOTAL OIL PRODUCTS,DEMAND,MONTHLY,ICELAND,THOUSAND BARRELS PER DAY(KB-D),JOINT ORGANISATIONS DATA INITIATIVE - JODI
180,2020-07-01,JODI OIL-WORLD DATABASE,GLOBAL DATA,TOTAL OIL PRODUCTS,DEMAND,MONTHLY,HUNGARY,THOUSAND BARRELS PER DAY(KB-D),JOINT ORGANISATIONS DATA INITIATIVE - JODI
54,2020-07-01,JODI OIL-WORLD DATABASE,GLOBAL DATA,TOTAL OIL PRODUCTS,DEMAND,MONTHLY,LUXEMBOURG,THOUSAND BARRELS PER DAY(KB-D),JOINT ORGANISATIONS DATA INITIATIVE - JODI
1225,2020-07-01,JODI OIL-WORLD DATABASE,GLOBAL DATA,TOTAL OIL PRODUCTS,DEMAND,MONTHLY,UNITED KINGDOM,THOUSAND BARRELS PER DAY(KB-D),JOINT ORGANISATIONS DATA INITIATIVE - JODI
79.96,2020-07-01,JODI OIL-WORLD DATABASE,GLOBAL DATA,TOTAL OIL PRODUCTS,DEMAND,MONTHLY,CROATIA,THOUSAND BARRELS PER DAY(KB-D),JOINT ORGANISATIONS DATA INITIATIVE - JODI
26,2020-07-01,JODI OIL-WORLD DATABASE,GLOBAL DATA,TOTAL OIL PRODUCTS,DEMAND,MONTHLY,BAHRAIN,THOUSAND BARRELS PER DAY(KB-D),JOINT ORGANISATIONS DATA INITIATIVE - JODI
54.94,2020-07-01,JODI OIL-WORLD DATABASE,GLOBAL DATA,TOTAL OIL PRODUCTS,DEMAND,MONTHLY,MALTA,THOUSAND BARRELS PER DAY(KB-D),JOINT ORGANISATIONS DATA INITIATIVE - JODI
3068,2020-07-01,JODI OIL-WORLD DATABASE,GLOBAL DATA,TOTAL OIL PRODUCTS,DEMAND,MONTHLY,JAPAN,THOUSAND BARRELS PER DAY(KB-D),JOINT ORGANISATIONS DATA INITIATIVE - JODI
1127,2020-07-01,JODI OIL-WORLD DATABASE,GLOBAL DATA,TOTAL OIL PRODUCTS,DEMAND,MONTHLY,ITALY,THOUSAND BARRELS PER DAY(KB-D),JOINT ORGANISATIONS DATA INITIATIVE - JODI
31,2020-07-01,JODI OIL-WORLD DATABASE,GLOBAL DATA,TOTAL OIL PRODUCTS,DEMAND,MONTHLY,ESTONIA,THOUSAND BARRELS PER DAY(KB-D),JOINT ORGANISATIONS DATA INITIATIVE - JODI
15165.47,2020-07-01,JODI OIL-WORLD DATABASE,GLOBAL DATA,TOTAL OIL PRODUCTS,DEMAND,MONTHLY,CHINA,THOUSAND BARRELS PER DAY(KB-D),JOINT ORGANISATIONS DATA INITIATIVE - JODI
132,2020-07-01,JODI OIL-WORLD DATABASE,GLOBAL DATA,TOTAL OIL PRODUCTS,DEMAND,MONTHLY,DENMARK,THOUSAND BARRELS PER DAY(KB-D),JOINT ORGANISATIONS DATA INITIATIVE - JODI
714,2020-07-01,JODI OIL-WORLD DATABASE,GLOBAL DATA,TOTAL OIL PRODUCTS,DEMAND,MONTHLY,POLAND,THOUSAND BARRELS PER DAY(KB-D),JOINT ORGANISATIONS DATA INITIATIVE - JODI
885,2020-07-01,JODI OIL-WORLD DATABASE,GLOBAL DATA,TOTAL OIL PRODUCTS,DEMAND,MONTHLY,AUSTRALIA,THOUSAND BARRELS PER DAY(KB-D),JOINT ORGANISATIONS DATA INITIATIVE - JODI
207,2020-07-01,JODI OIL-WORLD DATABASE,GLOBAL DATA,TOTAL OIL PRODUCTS,DEMAND,MONTHLY,PORTUGAL,THOUSAND BARRELS PER DAY(KB-D),JOINT ORGANISATIONS DATA INITIATIVE - JODI
1127,2020-07-01,JODI OIL-WORLD DATABASE,GLOBAL DATA,TOTAL OIL PRODUCTS,DEMAND,MONTHLY,SPAIN,THOUSAND BARRELS PER DAY(KB-D),JOINT ORGANISATIONS DATA INITIATIVE - JODI
259,2020-07-01,JODI OIL-WORLD DATABASE,GLOBAL DATA,TOTAL OIL PRODUCTS,DEMAND,MONTHLY,SWEDEN,THOUSAND BARRELS PER DAY(KB-D),JOINT ORGANISATIONS DATA INITIATIVE - JODI
198,2020-07-01,JODI OIL-WORLD DATABASE,GLOBAL DATA,TOTAL OIL PRODUCTS,DEMAND,MONTHLY,FINLAND,THOUSAND BARRELS PER DAY(KB-D),JOINT ORGANISATIONS DATA INITIATIVE - JODI
224,2020-07-01,JODI OIL-WORLD DATABASE,GLOBAL DATA,TOTAL OIL PRODUCTS,DEMAND,MONTHLY,CZECH REPUBLIC,THOUSAND BARRELS PER DAY(KB-D),JOINT ORGANISATIONS DATA INITIATIVE - JODI
223,2020-07-01,JODI OIL-WORLD DATABASE,GLOBAL DATA,TOTAL OIL PRODUCTS,DEMAND,MONTHLY,NORWAY,THOUSAND BARRELS PER DAY(KB-D),JOINT ORGANISATIONS DATA INITIATIVE - JODI
1045,2020-07-01,JODI OIL-WORLD DATABASE,GLOBAL DATA,TOTAL OIL PRODUCTS,DEMAND,MONTHLY,TURKEY,THOUSAND BARRELS PER DAY(KB-D),JOINT ORGANISATIONS DATA INITIATIVE - JODI
530,2020-07-01,JODI OIL-WORLD DATABASE,GLOBAL DATA,TOTAL OIL PRODUCTS,DEMAND,MONTHLY,BELGIUM,THOUSAND BARRELS PER DAY(KB-D),JOINT ORGANISATIONS DATA INITIATIVE - JODI
50,2020-07-01,JODI OIL-WORLD DATABASE,GLOBAL DATA,TOTAL OIL PRODUCTS,DEMAND,MONTHLY,SLOVENIA,THOUSAND BARRELS PER DAY(KB-D),JOINT ORGANISATIONS DATA INITIATIVE - JODI
127,2020-07-01,JODI OIL-WORLD DATABASE,GLOBAL DATA,TOTAL OIL PRODUCTS,DEMAND,MONTHLY,IRELAND,THOUSAND BARRELS PER DAY(KB-D),JOINT ORGANISATIONS DATA INITIATIVE - JODI
881,2020-07-01,JODI OIL-WORLD DATABASE,GLOBAL DATA,TOTAL OIL PRODUCTS,DEMAND,MONTHLY,NETHERLANDS,THOUSAND BARRELS PER DAY(KB-D),JOINT ORGANISATIONS DATA INITIATIVE - JODI
67.85,2020-07-01,JODI OIL-WORLD DATABASE,GLOBAL DATA,TOTAL OIL PRODUCTS,DEMAND,MONTHLY,LITHUANIA,THOUSAND BARRELS PER DAY(KB-D),JOINT ORGANISATIONS DATA INITIATIVE - JODI
1054.76,2020-07-01,JODI OIL-WORLD DATABASE,GLOBAL DATA,TOTAL OIL PRODUCTS,DEMAND,MONTHLY,THAILAND,THOUSAND BARRELS PER DAY(KB-D),JOINT ORGANISATIONS DATA INITIATIVE - JODI
2244,2020-07-01,JODI OIL-WORLD DATABASE,GLOBAL DATA,TOTAL OIL PRODUCTS,DEMAND,MONTHLY,CANADA,THOUSAND BARRELS PER DAY(KB-D),JOINT ORGANISATIONS DATA INITIATIVE - JODI
1592,2020-07-01,JODI OIL-WORLD DATABASE,GLOBAL DATA,TOTAL OIL PRODUCTS,DEMAND,MONTHLY,FRANCE,THOUSAND BARRELS PER DAY(KB-D),JOINT ORGANISATIONS DATA INITIATIVE - JODI
2584,2020-07-01,JODI OIL-WORLD DATABASE,GLOBAL DATA,TOTAL OIL PRODUCTS,DEMAND,MONTHLY,"KOREA, REPUBLIC OF",THOUSAND BARRELS PER DAY(KB-D),JOINT ORGANISATIONS DATA INITIATIVE - JODI
2377,2020-07-01,JODI OIL-WORLD DATABASE,GLOBAL DATA,TOTAL OIL PRODUCTS,DEMAND,MONTHLY,SAUDI ARABIA,THOUSAND BARRELS PER DAY(KB-D),JOINT ORGANISATIONS DATA INITIATIVE - JODI
2,2020-07-01,JODI OIL-WORLD DATABASE,GLOBAL DATA,TOTAL OIL PRODUCTS,DEMAND,MONTHLY,CHILE,THOUSAND BARRELS PER DAY(KB-D),JOINT ORGANISATIONS DATA INITIATIVE - JODI
86,2020-07-01,JODI OIL-WORLD DATABASE,GLOBAL DATA,TOTAL OIL PRODUCTS,DEMAND,MONTHLY,SLOVAKIA,THOUSAND BARRELS PER DAY(KB-D),JOINT ORGANISATIONS DATA INITIATIVE - JODI
30,2020-07-01,JODI OIL-WORLD DATABASE,GLOBAL DATA,TOTAL OIL PRODUCTS,DEMAND,MONTHLY,GEORGIA,THOUSAND BARRELS PER DAY(KB-D),JOINT ORGANISATIONS DATA INITIATIVE - JODI
217,2020-07-01,JODI OIL-WORLD DATABASE,GLOBAL DATA,TOTAL OIL PRODUCTS,DEMAND,MONTHLY,BELARUS,THOUSAND BARRELS PER DAY(KB-D),JOINT ORGANISATIONS DATA INITIATIVE - JODI
269,2020-07-01,JODI OIL-WORLD DATABASE,GLOBAL DATA,TOTAL OIL PRODUCTS,DEMAND,MONTHLY,GREECE,THOUSAND BARRELS PER DAY(KB-D),JOINT ORGANISATIONS DATA INITIATIVE - JODI
513,2020-07-01,JODI OIL-WORLD DATABASE,GLOBAL DATA,TOTAL OIL PRODUCTS,DEMAND,MONTHLY,IRAQ,THOUSAND BARRELS PER DAY(KB-D),JOINT ORGANISATIONS DATA INITIATIVE - JODI
145,2020-07-01,JODI OIL-WORLD DATABASE,GLOBAL DATA,TOTAL OIL PRODUCTS,DEMAND,MONTHLY,NEW ZEALAND,THOUSAND BARRELS PER DAY(KB-D),JOINT ORGANISATIONS DATA INITIATIVE - JODI
1089.57,2020-07-01,JODI OIL-WORLD DATABASE,GLOBAL DATA,TOTAL OIL PRODUCTS,DEMAND,MONTHLY,INDONESIA,THOUSAND BARRELS PER DAY(KB-D),JOINT ORGANISATIONS DATA INITIATIVE - JODI
10,2020-07-01,JODI OIL-WORLD DATABASE,GLOBAL DATA,TOTAL OIL PRODUCTS,DEMAND,MONTHLY,GABON,THOUSAND BARRELS PER DAY(KB-D),JOINT ORGANISATIONS DATA INITIATIVE - JODI
24.42,2020-06-01,JODI OIL-WORLD DATABASE,GLOBAL DATA,TOTAL OIL PRODUCTS,DEMAND,MONTHLY,BRUNEI DARUSSALAM,THOUSAND BARRELS PER DAY(KB-D),JOINT ORGANISATIONS DATA INITIATIVE - JODI
2176,2020-06-01,JODI OIL-WORLD DATABASE,GLOBAL DATA,TOTAL OIL PRODUCTS,DEMAND,MONTHLY,GERMANY,THOUSAND BARRELS PER DAY(KB-D),JOINT ORGANISATIONS DATA INITIATIVE - JODI
42.05,2020-06-01,JODI OIL-WORLD DATABASE,GLOBAL DATA,TOTAL OIL PRODUCTS,DEMAND,MONTHLY,CYPRUS,THOUSAND BARRELS PER DAY(KB-D),JOINT ORGANISATIONS DATA INITIATIVE - JODI
186,2020-06-01,JODI OIL-WORLD DATABASE,GLOBAL DATA,TOTAL OIL PRODUCTS,DEMAND,MONTHLY,SWITZERLAND,THOUSAND BARRELS PER DAY(KB-D),JOINT ORGANISATIONS DATA INITIATIVE - JODI
17727.77,2020-06-01,JODI OIL-WORLD DATABASE,GLOBAL DATA,TOTAL OIL PRODUCTS,DEMAND,MONTHLY,UNITED STATES,THOUSAND BARRELS PER DAY(KB-D),JOINT ORGANISATIONS DATA INITIATIVE - JODI
82,2020-06-01,JODI OIL-WORLD DATABASE,GLOBAL DATA,TOTAL OIL PRODUCTS,DEMAND,MONTHLY,AZERBAIJAN,THOUSAND BARRELS PER DAY(KB-D),JOINT ORGANISATIONS DATA INITIATIVE - JODI
7,2020-06-01,JODI OIL-WORLD DATABASE,GLOBAL DATA,TOTAL OIL PRODUCTS,DEMAND,MONTHLY,ICELAND,THOUSAND BARRELS PER DAY(KB-D),JOINT ORGANISATIONS DATA INITIATIVE - JODI
173,2020-06-01,JODI OIL-WORLD DATABASE,GLOBAL DATA,TOTAL OIL PRODUCTS,DEMAND,MONTHLY,HUNGARY,THOUSAND BARRELS PER DAY(KB-D),JOINT ORGANISATIONS DATA INITIATIVE - JODI
51,2020-06-01,JODI OIL-WORLD DATABASE,GLOBAL DATA,TOTAL OIL PRODUCTS,DEMAND,MONTHLY,LUXEMBOURG,THOUSAND BARRELS PER DAY(KB-D),JOINT ORGANISATIONS DATA INITIATIVE - JODI
1042,2020-06-01,JODI OIL-WORLD DATABASE,GLOBAL DATA,TOTAL OIL PRODUCTS,DEMAND,MONTHLY,UNITED KINGDOM,THOUSAND BARRELS PER DAY(KB-D),JOINT ORGANISATIONS DATA INITIATIVE - JODI
63.59,2020-06-01,JODI OIL-WORLD DATABASE,GLOBAL DATA,TOTAL OIL PRODUCTS,DEMAND,MONTHLY,CROATIA,THOUSAND BARRELS PER DAY(KB-D),JOINT ORGANISATIONS DATA INITIATIVE - JODI
29,2020-06-01,JODI OIL-WORLD DATABASE,GLOBAL DATA,TOTAL OIL PRODUCTS,DEMAND,MONTHLY,BAHRAIN,THOUSAND BARRELS PER DAY(KB-D),JOINT ORGANISATIONS DATA INITIATIVE - JODI
54.34,2020-06-01,JODI OIL-WORLD DATABASE,GLOBAL DATA,TOTAL OIL PRODUCTS,DEMAND,MONTHLY,MALTA,THOUSAND BARRELS PER DAY(KB-D),JOINT ORGANISATIONS DATA INITIATIVE - JODI
2969,2020-06-01,JODI OIL-WORLD DATABASE,GLOBAL DATA,TOTAL OIL PRODUCTS,DEMAND,MONTHLY,JAPAN,THOUSAND BARRELS PER DAY(KB-D),JOINT ORGANISATIONS DATA INITIATIVE - JODI
940,2020-06-01,JODI OIL-WORLD DATABASE,GLOBAL DATA,TOTAL OIL PRODUCTS,DEMAND,MONTHLY,ITALY,THOUSAND BARRELS PER DAY(KB-D),JOINT ORGANISATIONS DATA INITIATIVE - JODI
26,2020-06-01,JODI OIL-WORLD DATABASE,GLOBAL DATA,TOTAL OIL PRODUCTS,DEMAND,MONTHLY,ESTONIA,THOUSAND BARRELS PER DAY(KB-D),JOINT ORGANISATIONS DATA INITIATIVE - JODI
16964.03,2020-06-01,JODI OIL-WORLD DATABASE,GLOBAL DATA,TOTAL OIL PRODUCTS,DEMAND,MONTHLY,CHINA,THOUSAND BARRELS PER DAY(KB-D),JOINT ORGANISATIONS DATA INITIATIVE - JODI
135,2020-06-01,JODI OIL-WORLD DATABASE,GLOBAL DATA,TOTAL OIL PRODUCTS,DEMAND,MONTHLY,DENMARK,THOUSAND BARRELS PER DAY(KB-D),JOINT ORGANISATIONS DATA INITIATIVE - JODI
661,2020-06-01,JODI OIL-WORLD DATABASE,GLOBAL DATA,TOTAL OIL PRODUCTS,DEMAND,MONTHLY,POLAND,THOUSAND BARRELS PER DAY(KB-D),JOINT ORGANISATIONS DATA INITIATIVE - JODI
911,2020-06-01,JODI OIL-WORLD DATABASE,GLOBAL DATA,TOTAL OIL PRODUCTS,DEMAND,MONTHLY,AUSTRALIA,THOUSAND BARRELS PER DAY(KB-D),JOINT ORGANISATIONS DATA INITIATIVE - JODI
186,2020-06-01,JODI OIL-WORLD DATABASE,GLOBAL DATA,TOTAL OIL PRODUCTS,DEMAND,MONTHLY,PORTUGAL,THOUSAND BARRELS PER DAY(KB-D),JOINT ORGANISATIONS DATA INITIATIVE - JODI
988,2020-06-01,JODI OIL-WORLD DATABASE,GLOBAL DATA,TOTAL OIL PRODUCTS,DEMAND,MONTHLY,SPAIN,THOUSAND BARRELS PER DAY(KB-D),JOINT ORGANISATIONS DATA INITIATIVE - JODI
243,2020-06-01,JODI OIL-WORLD DATABASE,GLOBAL DATA,TOTAL OIL PRODUCTS,DEMAND,MONTHLY,SWEDEN,THOUSAND BARRELS PER DAY(KB-D),JOINT ORGANISATIONS DATA INITIATIVE - JODI
190,2020-06-01,JODI OIL-WORLD DATABASE,GLOBAL DATA,TOTAL OIL PRODUCTS,DEMAND,MONTHLY,FINLAND,THOUSAND BARRELS PER DAY(KB-D),JOINT ORGANISATIONS DATA INITIATIVE - JODI
190,2020-06-01,JODI OIL-WORLD DATABASE,GLOBAL DATA,TOTAL OIL PRODUCTS,DEMAND,MONTHLY,CZECH REPUBLIC,THOUSAND BARRELS PER DAY(KB-D),JOINT ORGANISATIONS DATA INITIATIVE - JODI
311,2020-06-01,JODI OIL-WORLD DATABASE,GLOBAL DATA,TOTAL OIL PRODUCTS,DEMAND,MONTHLY,NORWAY,THOUSAND BARRELS PER DAY(KB-D),JOINT ORGANISATIONS DATA INITIATIVE - JODI
723,2020-06-01,JODI OIL-WORLD DATABASE,GLOBAL DATA,TOTAL OIL PRODUCTS,DEMAND,MONTHLY,TURKEY,THOUSAND BARRELS PER DAY(KB-D),JOINT ORGANISATIONS DATA INITIATIVE - JODI
533,2020-06-01,JODI OIL-WORLD DATABASE,GLOBAL DATA,TOTAL OIL PRODUCTS,DEMAND,MONTHLY,BELGIUM,THOUSAND BARRELS PER DAY(KB-D),JOINT ORGANISATIONS DATA INITIATIVE - JODI
48,2020-06-01,JODI OIL-WORLD DATABASE,GLOBAL DATA,TOTAL OIL PRODUCTS,DEMAND,MONTHLY,SLOVENIA,THOUSAND BARRELS PER DAY(KB-D),JOINT ORGANISATIONS DATA INITIATIVE - JODI
111,2020-06-01,JODI OIL-WORLD DATABASE,GLOBAL DATA,TOTAL OIL PRODUCTS,DEMAND,MONTHLY,IRELAND,THOUSAND BARRELS PER DAY(KB-D),JOINT ORGANISATIONS DATA INITIATIVE - JODI
943,2020-06-01,JODI OIL-WORLD DATABASE,GLOBAL DATA,TOTAL OIL PRODUCTS,DEMAND,MONTHLY,NETHERLANDS,THOUSAND BARRELS PER DAY(KB-D),JOINT ORGANISATIONS DATA INITIATIVE - JODI
67.5,2020-06-01,JODI OIL-WORLD DATABASE,GLOBAL DATA,TOTAL OIL PRODUCTS,DEMAND,MONTHLY,LITHUANIA,THOUSAND BARRELS PER DAY(KB-D),JOINT ORGANISATIONS DATA INITIATIVE - JODI
860.47,2020-06-01,JODI OIL-WORLD DATABASE,GLOBAL DATA,TOTAL OIL PRODUCTS,DEMAND,MONTHLY,THAILAND,THOUSAND BARRELS PER DAY(KB-D),JOINT ORGANISATIONS DATA INITIATIVE - JODI
2070,2020-06-01,JODI OIL-WORLD DATABASE,GLOBAL DATA,TOTAL OIL PRODUCTS,DEMAND,MONTHLY,CANADA,THOUSAND BARRELS PER DAY(KB-D),JOINT ORGANISATIONS DATA INITIATIVE - JODI
1438,2020-06-01,JODI OIL-WORLD DATABASE,GLOBAL DATA,TOTAL OIL PRODUCTS,DEMAND,MONTHLY,FRANCE,THOUSAND BARRELS PER DAY(KB-D),JOINT ORGANISATIONS DATA INITIATIVE - JODI
2625,2020-06-01,JODI OIL-WORLD DATABASE,GLOBAL DATA,TOTAL OIL PRODUCTS,DEMAND,MONTHLY,"KOREA, REPUBLIC OF",THOUSAND BARRELS PER DAY(KB-D),JOINT ORGANISATIONS DATA INITIATIVE - JODI
409,2020-06-01,JODI OIL-WORLD DATABASE,GLOBAL DATA,TOTAL OIL PRODUCTS,DEMAND,MONTHLY,NIGERIA,THOUSAND BARRELS PER DAY(KB-D),JOINT ORGANISATIONS DATA INITIATIVE - JODI
244,2020-06-01,JODI OIL-WORLD DATABASE,GLOBAL DATA,TOTAL OIL PRODUCTS,DEMAND,MONTHLY,AUSTRIA,THOUSAND BARRELS PER DAY(KB-D),JOINT ORGANISATIONS DATA INITIATIVE - JODI
2158,2020-06-01,JODI OIL-WORLD DATABASE,GLOBAL DATA,TOTAL OIL PRODUCTS,DEMAND,MONTHLY,SAUDI ARABIA,THOUSAND BARRELS PER DAY(KB-D),JOINT ORGANISATIONS DATA INITIATIVE - JODI
1,2020-06-01,JODI OIL-WORLD DATABASE,GLOBAL DATA,TOTAL OIL PRODUCTS,DEMAND,MONTHLY,CHILE,THOUSAND BARRELS PER DAY(KB-D),JOINT ORGANISATIONS DATA INITIATIVE - JODI
89,2020-06-01,JODI OIL-WORLD DATABASE,GLOBAL DATA,TOTAL OIL PRODUCTS,DEMAND,MONTHLY,SLOVAKIA,THOUSAND BARRELS PER DAY(KB-D),JOINT ORGANISATIONS DATA INITIATIVE - JODI
2143,2020-06-01,JODI OIL-WORLD DATABASE,GLOBAL DATA,TOTAL OIL PRODUCTS,DEMAND,MONTHLY,BRAZIL,THOUSAND BARRELS PER DAY(KB-D),JOINT ORGANISATIONS DATA INITIATIVE - JODI
226,2020-06-01,JODI OIL-WORLD DATABASE,GLOBAL DATA,TOTAL OIL PRODUCTS,DEMAND,MONTHLY,UKRAINE,THOUSAND BARRELS PER DAY(KB-D),JOINT ORGANISATIONS DATA INITIATIVE - JODI
3,2020-06-01,JODI OIL-WORLD DATABASE,GLOBAL DATA,TOTAL OIL PRODUCTS,DEMAND,MONTHLY,EQUATORIAL GUINEA,THOUSAND BARRELS PER DAY(KB-D),JOINT ORGANISATIONS DATA INITIATIVE - JODI
31,2020-06-01,JODI OIL-WORLD DATABASE,GLOBAL DATA,TOTAL OIL PRODUCTS,DEMAND,MONTHLY,GEORGIA,THOUSAND BARRELS PER DAY(KB-D),JOINT ORGANISATIONS DATA INITIATIVE - JODI
19,2020-06-01,JODI OIL-WORLD DATABASE,GLOBAL DATA,TOTAL OIL PRODUCTS,DEMAND,MONTHLY,"MOLDOVA, REPUBLIC OF",THOUSAND BARRELS PER DAY(KB-D),JOINT ORGANISATIONS DATA INITIATIVE - JODI
1161,2020-06-01,JODI OIL-WORLD DATABASE,GLOBAL DATA,TOTAL OIL PRODUCTS,DEMAND,MONTHLY,MEXICO,THOUSAND BARRELS PER DAY(KB-D),JOINT ORGANISATIONS DATA INITIATIVE - JODI
145,2020-06-01,JODI OIL-WORLD DATABASE,GLOBAL DATA,TOTAL OIL PRODUCTS,DEMAND,MONTHLY,BELARUS,THOUSAND BARRELS PER DAY(KB-D),JOINT ORGANISATIONS DATA INITIATIVE - JODI
219,2020-06-01,JODI OIL-WORLD DATABASE,GLOBAL DATA,TOTAL OIL PRODUCTS,DEMAND,MONTHLY,GREECE,THOUSAND BARRELS PER DAY(KB-D),JOINT ORGANISATIONS DATA INITIATIVE - JODI
435,2020-06-01,JODI OIL-WORLD DATABASE,GLOBAL DATA,TOTAL OIL PRODUCTS,DEMAND,MONTHLY,IRAQ,THOUSAND BARRELS PER DAY(KB-D),JOINT ORGANISATIONS DATA INITIATIVE - JODI
148,2020-06-01,JODI OIL-WORLD DATABASE,GLOBAL DATA,TOTAL OIL PRODUCTS,DEMAND,MONTHLY,NEW ZEALAND,THOUSAND BARRELS PER DAY(KB-D),JOINT ORGANISATIONS DATA INITIATIVE - JODI
1514.37,2020-06-01,JODI OIL-WORLD DATABASE,GLOBAL DATA,TOTAL OIL PRODUCTS,DEMAND,MONTHLY,INDONESIA,THOUSAND BARRELS PER DAY(KB-D),JOINT ORGANISATIONS DATA INITIATIVE - JODI
357.13,2020-06-01,JODI OIL-WORLD DATABASE,GLOBAL DATA,TOTAL OIL PRODUCTS,DEMAND,MONTHLY,PHILIPPINES,THOUSAND BARRELS PER DAY(KB-D),JOINT ORGANISATIONS DATA INITIATIVE - JODI
15,2020-06-01,JODI OIL-WORLD DATABASE,GLOBAL DATA,TOTAL OIL PRODUCTS,DEMAND,MONTHLY,GABON,THOUSAND BARRELS PER DAY(KB-D),JOINT ORGANISATIONS DATA INITIATIVE - JODI
23.34,2020-05-01,JODI OIL-WORLD DATABASE,GLOBAL DATA,TOTAL OIL PRODUCTS,DEMAND,MONTHLY,BRUNEI DARUSSALAM,THOUSAND BARRELS PER DAY(KB-D),JOINT ORGANISATIONS DATA INITIATIVE - JODI
2063,2020-05-01,JODI OIL-WORLD DATABASE,GLOBAL DATA,TOTAL OIL PRODUCTS,DEMAND,MONTHLY,GERMANY,THOUSAND BARRELS PER DAY(KB-D),JOINT ORGANISATIONS DATA INITIATIVE - JODI
37.02,2020-05-01,JODI OIL-WORLD DATABASE,GLOBAL DATA,TOTAL OIL PRODUCTS,DEMAND,MONTHLY,CYPRUS,THOUSAND BARRELS PER DAY(KB-D),JOINT ORGANISATIONS DATA INITIATIVE - JODI
173,2020-05-01,JODI OIL-WORLD DATABASE,GLOBAL DATA,TOTAL OIL PRODUCTS,DEMAND,MONTHLY,SWITZERLAND,THOUSAND BARRELS PER DAY(KB-D),JOINT ORGANISATIONS DATA INITIATIVE - JODI
14733.68,2020-05-01,JODI OIL-WORLD DATABASE,GLOBAL DATA,TOTAL OIL PRODUCTS,DEMAND,MONTHLY,UNITED STATES,THOUSAND BARRELS PER DAY(KB-D),JOINT ORGANISATIONS DATA INITIATIVE - JODI
87,2020-05-01,JODI OIL-WORLD DATABASE,GLOBAL DATA,TOTAL OIL PRODUCTS,DEMAND,MONTHLY,AZERBAIJAN,THOUSAND BARRELS PER DAY(KB-D),JOINT ORGANISATIONS DATA INITIATIVE - JODI
10,2020-05-01,JODI OIL-WORLD DATABASE,GLOBAL DATA,TOTAL OIL PRODUCTS,DEMAND,MONTHLY,ICELAND,THOUSAND BARRELS PER DAY(KB-D),JOINT ORGANISATIONS DATA INITIATIVE - JODI
164,2020-05-01,JODI OIL-WORLD DATABASE,GLOBAL DATA,TOTAL OIL PRODUCTS,DEMAND,MONTHLY,HUNGARY,THOUSAND BARRELS PER DAY(KB-D),JOINT ORGANISATIONS DATA INITIATIVE - JODI
42,2020-05-01,JODI OIL-WORLD DATABASE,GLOBAL DATA,TOTAL OIL PRODUCTS,DEMAND,MONTHLY,LUXEMBOURG,THOUSAND BARRELS PER DAY(KB-D),JOINT ORGANISATIONS DATA INITIATIVE - JODI
981,2020-05-01,JODI OIL-WORLD DATABASE,GLOBAL DATA,TOTAL OIL PRODUCTS,DEMAND,MONTHLY,UNITED KINGDOM,THOUSAND BARRELS PER DAY(KB-D),JOINT ORGANISATIONS DATA INITIATIVE - JODI
57.76,2020-05-01,JODI OIL-WORLD DATABASE,GLOBAL DATA,TOTAL OIL PRODUCTS,DEMAND,MONTHLY,CROATIA,THOUSAND BARRELS PER DAY(KB-D),JOINT ORGANISATIONS DATA INITIATIVE - JODI
21,2020-05-01,JODI OIL-WORLD DATABASE,GLOBAL DATA,TOTAL OIL PRODUCTS,DEMAND,MONTHLY,BAHRAIN,THOUSAND BARRELS PER DAY(KB-D),JOINT ORGANISATIONS DATA INITIATIVE - JODI
57.99,2020-05-01,JODI OIL-WORLD DATABASE,GLOBAL DATA,TOTAL OIL PRODUCTS,DEMAND,MONTHLY,MALTA,THOUSAND BARRELS PER DAY(KB-D),JOINT ORGANISATIONS DATA INITIATIVE - JODI
2879,2020-05-01,JODI OIL-WORLD DATABASE,GLOBAL DATA,TOTAL OIL PRODUCTS,DEMAND,MONTHLY,JAPAN,THOUSAND BARRELS PER DAY(KB-D),JOINT ORGANISATIONS DATA INITIATIVE - JODI
774,2020-05-01,JODI OIL-WORLD DATABASE,GLOBAL DATA,TOTAL OIL PRODUCTS,DEMAND,MONTHLY,ITALY,THOUSAND BARRELS PER DAY(KB-D),JOINT ORGANISATIONS DATA INITIATIVE - JODI
23,2020-05-01,JODI OIL-WORLD DATABASE,GLOBAL DATA,TOTAL OIL PRODUCTS,DEMAND,MONTHLY,ESTONIA,THOUSAND BARRELS PER DAY(KB-D),JOINT ORGANISATIONS DATA INITIATIVE - JODI
15838.06,2020-05-01,JODI OIL-WORLD DATABASE,GLOBAL DATA,TOTAL OIL PRODUCTS,DEMAND,MONTHLY,CHINA,THOUSAND BARRELS PER DAY(KB-D),JOINT ORGANISATIONS DATA INITIATIVE - JODI
127,2020-05-01,JODI OIL-WORLD DATABASE,GLOBAL DATA,TOTAL OIL PRODUCTS,DEMAND,MONTHLY,DENMARK,THOUSAND BARRELS PER DAY(KB-D),JOINT ORGANISATIONS DATA INITIATIVE - JODI
640,2020-05-01,JODI OIL-WORLD DATABASE,GLOBAL DATA,TOTAL OIL PRODUCTS,DEMAND,MONTHLY,POLAND,THOUSAND BARRELS PER DAY(KB-D),JOINT ORGANISATIONS DATA INITIATIVE - JODI
850,2020-05-01,JODI OIL-WORLD DATABASE,GLOBAL DATA,TOTAL OIL PRODUCTS,DEMAND,MONTHLY,AUSTRALIA,THOUSAND BARRELS PER DAY(KB-D),JOINT ORGANISATIONS DATA INITIATIVE - JODI
167,2020-05-01,JODI OIL-WORLD DATABASE,GLOBAL DATA,TOTAL OIL PRODUCTS,DEMAND,MONTHLY,PORTUGAL,THOUSAND BARRELS PER DAY(KB-D),JOINT ORGANISATIONS DATA INITIATIVE - JODI
831,2020-05-01,JODI OIL-WORLD DATABASE,GLOBAL DATA,TOTAL OIL PRODUCTS,DEMAND,MONTHLY,SPAIN,THOUSAND BARRELS PER DAY(KB-D),JOINT ORGANISATIONS DATA INITIATIVE - JODI
252,2020-05-01,JODI OIL-WORLD DATABASE,GLOBAL DATA,TOTAL OIL PRODUCTS,DEMAND,MONTHLY,SWEDEN,THOUSAND BARRELS PER DAY(KB-D),JOINT ORGANISATIONS DATA INITIATIVE - JODI
172,2020-05-01,JODI OIL-WORLD DATABASE,GLOBAL DATA,TOTAL OIL PRODUCTS,DEMAND,MONTHLY,FINLAND,THOUSAND BARRELS PER DAY(KB-D),JOINT ORGANISATIONS DATA INITIATIVE - JODI
155,2020-05-01,JODI OIL-WORLD DATABASE,GLOBAL DATA,TOTAL OIL PRODUCTS,DEMAND,MONTHLY,CZECH REPUBLIC,THOUSAND BARRELS PER DAY(KB-D),JOINT ORGANISATIONS DATA INITIATIVE - JODI
189,2020-05-01,JODI OIL-WORLD DATABASE,GLOBAL DATA,TOTAL OIL PRODUCTS,DEMAND,MONTHLY,NORWAY,THOUSAND BARRELS PER DAY(KB-D),JOINT ORGANISATIONS DATA INITIATIVE - JODI
704,2020-05-01,JODI OIL-WORLD DATABASE,GLOBAL DATA,TOTAL OIL PRODUCTS,DEMAND,MONTHLY,TURKEY,THOUSAND BARRELS PER DAY(KB-D),JOINT ORGANISATIONS DATA INITIATIVE - JODI
525,2020-05-01,JODI OIL-WORLD DATABASE,GLOBAL DATA,TOTAL OIL PRODUCTS,DEMAND,MONTHLY,BELGIUM,THOUSAND BARRELS PER DAY(KB-D),JOINT ORGANISATIONS DATA INITIATIVE - JODI
47,2020-05-01,JODI OIL-WORLD DATABASE,GLOBAL DATA,TOTAL OIL PRODUCTS,DEMAND,MONTHLY,SLOVENIA,THOUSAND BARRELS PER DAY(KB-D),JOINT ORGANISATIONS DATA INITIATIVE - JODI
111,2020-05-01,JODI OIL-WORLD DATABASE,GLOBAL DATA,TOTAL OIL PRODUCTS,DEMAND,MONTHLY,IRELAND,THOUSAND BARRELS PER DAY(KB-D),JOINT ORGANISATIONS DATA INITIATIVE - JODI
804,2020-05-01,JODI OIL-WORLD DATABASE,GLOBAL DATA,TOTAL OIL PRODUCTS,DEMAND,MONTHLY,NETHERLANDS,THOUSAND BARRELS PER DAY(KB-D),JOINT ORGANISATIONS DATA INITIATIVE - JODI
68.61,2020-05-01,JODI OIL-WORLD DATABASE,GLOBAL DATA,TOTAL OIL PRODUCTS,DEMAND,MONTHLY,LITHUANIA,THOUSAND BARRELS PER DAY(KB-D),JOINT ORGANISATIONS DATA INITIATIVE - JODI
991.84,2020-05-01,JODI OIL-WORLD DATABASE,GLOBAL DATA,TOTAL OIL PRODUCTS,DEMAND,MONTHLY,THAILAND,THOUSAND BARRELS PER DAY(KB-D),JOINT ORGANISATIONS DATA INITIATIVE - JODI
1725,2020-05-01,JODI OIL-WORLD DATABASE,GLOBAL DATA,TOTAL OIL PRODUCTS,DEMAND,MONTHLY,CANADA,THOUSAND BARRELS PER DAY(KB-D),JOINT ORGANISATIONS DATA INITIATIVE - JODI
1212,2020-05-01,JODI OIL-WORLD DATABASE,GLOBAL DATA,TOTAL OIL PRODUCTS,DEMAND,MONTHLY,FRANCE,THOUSAND BARRELS PER DAY(KB-D),JOINT ORGANISATIONS DATA INITIATIVE - JODI
2815,2020-05-01,JODI OIL-WORLD DATABASE,GLOBAL DATA,TOTAL OIL PRODUCTS,DEMAND,MONTHLY,"KOREA, REPUBLIC OF",THOUSAND BARRELS PER DAY(KB-D),JOINT ORGANISATIONS DATA INITIATIVE - JODI
423,2020-05-01,JODI OIL-WORLD DATABASE,GLOBAL DATA,TOTAL OIL PRODUCTS,DEMAND,MONTHLY,NIGERIA,THOUSAND BARRELS PER DAY(KB-D),JOINT ORGANISATIONS DATA INITIATIVE - JODI
224,2020-05-01,JODI OIL-WORLD DATABASE,GLOBAL DATA,TOTAL OIL PRODUCTS,DEMAND,MONTHLY,AUSTRIA,THOUSAND BARRELS PER DAY(KB-D),JOINT ORGANISATIONS DATA INITIATIVE - JODI
1828,2020-05-01,JODI OIL-WORLD DATABASE,GLOBAL DATA,TOTAL OIL PRODUCTS,DEMAND,MONTHLY,SAUDI ARABIA,THOUSAND BARRELS PER DAY(KB-D),JOINT ORGANISATIONS DATA INITIATIVE - JODI
3,2020-05-01,JODI OIL-WORLD DATABASE,GLOBAL DATA,TOTAL OIL PRODUCTS,DEMAND,MONTHLY,CHILE,THOUSAND BARRELS PER DAY(KB-D),JOINT ORGANISATIONS DATA INITIATIVE - JODI
83,2020-05-01,JODI OIL-WORLD DATABASE,GLOBAL DATA,TOTAL OIL PRODUCTS,DEMAND,MONTHLY,SLOVAKIA,THOUSAND BARRELS PER DAY(KB-D),JOINT ORGANISATIONS DATA INITIATIVE - JODI
36,2020-05-01,JODI OIL-WORLD DATABASE,GLOBAL DATA,TOTAL OIL PRODUCTS,DEMAND,MONTHLY,COSTA RICA,THOUSAND BARRELS PER DAY(KB-D),JOINT ORGANISATIONS DATA INITIATIVE - JODI
456,2020-05-01,JODI OIL-WORLD DATABASE,GLOBAL DATA,TOTAL OIL PRODUCTS,DEMAND,MONTHLY,ARGENTINA,THOUSAND BARRELS PER DAY(KB-D),JOINT ORGANISATIONS DATA INITIATIVE - JODI
1970,2020-05-01,JODI OIL-WORLD DATABASE,GLOBAL DATA,TOTAL OIL PRODUCTS,DEMAND,MONTHLY,BRAZIL,THOUSAND BARRELS PER DAY(KB-D),JOINT ORGANISATIONS DATA INITIATIVE - JODI
211,2020-05-01,JODI OIL-WORLD DATABASE,GLOBAL DATA,TOTAL OIL PRODUCTS,DEMAND,MONTHLY,UKRAINE,THOUSAND BARRELS PER DAY(KB-D),JOINT ORGANISATIONS DATA INITIATIVE - JODI
3,2020-05-01,JODI OIL-WORLD DATABASE,GLOBAL DATA,TOTAL OIL PRODUCTS,DEMAND,MONTHLY,EQUATORIAL GUINEA,THOUSAND BARRELS PER DAY(KB-D),JOINT ORGANISATIONS DATA INITIATIVE - JODI
23,2020-05-01,JODI OIL-WORLD DATABASE,GLOBAL DATA,TOTAL OIL PRODUCTS,DEMAND,MONTHLY,GEORGIA,THOUSAND BARRELS PER DAY(KB-D),JOINT ORGANISATIONS DATA INITIATIVE - JODI
21,2020-05-01,JODI OIL-WORLD DATABASE,GLOBAL DATA,TOTAL OIL PRODUCTS,DEMAND,MONTHLY,"MOLDOVA, REPUBLIC OF",THOUSAND BARRELS PER DAY(KB-D),JOINT ORGANISATIONS DATA INITIATIVE - JODI
1054,2020-05-01,JODI OIL-WORLD DATABASE,GLOBAL DATA,TOTAL OIL PRODUCTS,DEMAND,MONTHLY,MEXICO,THOUSAND BARRELS PER DAY(KB-D),JOINT ORGANISATIONS DATA INITIATIVE - JODI
176,2020-05-01,JODI OIL-WORLD DATABASE,GLOBAL DATA,TOTAL OIL PRODUCTS,DEMAND,MONTHLY,BELARUS,THOUSAND BARRELS PER DAY(KB-D),JOINT ORGANISATIONS DATA INITIATIVE - JODI
241,2020-05-01,JODI OIL-WORLD DATABASE,GLOBAL DATA,TOTAL OIL PRODUCTS,DEMAND,MONTHLY,GREECE,THOUSAND BARRELS PER DAY(KB-D),JOINT ORGANISATIONS DATA INITIATIVE - JODI
403,2020-05-01,JODI OIL-WORLD DATABASE,GLOBAL DATA,TOTAL OIL PRODUCTS,DEMAND,MONTHLY,IRAQ,THOUSAND BARRELS PER DAY(KB-D),JOINT ORGANISATIONS DATA INITIATIVE - JODI
125,2020-05-01,JODI OIL-WORLD DATABASE,GLOBAL DATA,TOTAL OIL PRODUCTS,DEMAND,MONTHLY,NEW ZEALAND,THOUSAND BARRELS PER DAY(KB-D),JOINT ORGANISATIONS DATA INITIATIVE - JODI
1691.77,2020-05-01,JODI OIL-WORLD DATABASE,GLOBAL DATA,TOTAL OIL PRODUCTS,DEMAND,MONTHLY,INDONESIA,THOUSAND BARRELS PER DAY(KB-D),JOINT ORGANISATIONS DATA INITIATIVE - JODI
266.68,2020-05-01,JODI OIL-WORLD DATABASE,GLOBAL DATA,TOTAL OIL PRODUCTS,DEMAND,MONTHLY,PHILIPPINES,THOUSAND BARRELS PER DAY(KB-D),JOINT ORGANISATIONS DATA INITIATIVE - JODI
10,2020-05-01,JODI OIL-WORLD DATABASE,GLOBAL DATA,TOTAL OIL PRODUCTS,DEMAND,MONTHLY,GABON,THOUSAND BARRELS PER DAY(KB-D),JOINT ORGANISATIONS DATA INITIATIVE - JODI
11.96,2020-04-01,JODI OIL-WORLD DATABASE,GLOBAL DATA,TOTAL OIL PRODUCTS,DEMAND,MONTHLY,BRUNEI DARUSSALAM,THOUSAND BARRELS PER DAY(KB-D),JOINT ORGANISATIONS DATA INITIATIVE - JODI
1925,2020-04-01,JODI OIL-WORLD DATABASE,GLOBAL DATA,TOTAL OIL PRODUCTS,DEMAND,MONTHLY,GERMANY,THOUSAND BARRELS PER DAY(KB-D),JOINT ORGANISATIONS DATA INITIATIVE - JODI
27.11,2020-04-01,JODI OIL-WORLD DATABASE,GLOBAL DATA,TOTAL OIL PRODUCTS,DEMAND,MONTHLY,CYPRUS,THOUSAND BARRELS PER DAY(KB-D),JOINT ORGANISATIONS DATA INITIATIVE - JODI
172,2020-04-01,JODI OIL-WORLD DATABASE,GLOBAL DATA,TOTAL OIL PRODUCTS,DEMAND,MONTHLY,SWITZERLAND,THOUSAND BARRELS PER DAY(KB-D),JOINT ORGANISATIONS DATA INITIATIVE - JODI
14733.7,2020-04-01,JODI OIL-WORLD DATABASE,GLOBAL DATA,TOTAL OIL PRODUCTS,DEMAND,MONTHLY,UNITED STATES,THOUSAND BARRELS PER DAY(KB-D),JOINT ORGANISATIONS DATA INITIATIVE - JODI
71,2020-04-01,JODI OIL-WORLD DATABASE,GLOBAL DATA,TOTAL OIL PRODUCTS,DEMAND,MONTHLY,AZERBAIJAN,THOUSAND BARRELS PER DAY(KB-D),JOINT ORGANISATIONS DATA INITIATIVE - JODI
2,2020-04-01,JODI OIL-WORLD DATABASE,GLOBAL DATA,TOTAL OIL PRODUCTS,DEMAND,MONTHLY,ICELAND,THOUSAND BARRELS PER DAY(KB-D),JOINT ORGANISATIONS DATA INITIATIVE - JODI
152,2020-04-01,JODI OIL-WORLD DATABASE,GLOBAL DATA,TOTAL OIL PRODUCTS,DEMAND,MONTHLY,HUNGARY,THOUSAND BARRELS PER DAY(KB-D),JOINT ORGANISATIONS DATA INITIATIVE - JODI
33,2020-04-01,JODI OIL-WORLD DATABASE,GLOBAL DATA,TOTAL OIL PRODUCTS,DEMAND,MONTHLY,LUXEMBOURG,THOUSAND BARRELS PER DAY(KB-D),JOINT ORGANISATIONS DATA INITIATIVE - JODI
781,2020-04-01,JODI OIL-WORLD DATABASE,GLOBAL DATA,TOTAL OIL PRODUCTS,DEMAND,MONTHLY,UNITED KINGDOM,THOUSAND BARRELS PER DAY(KB-D),JOINT ORGANISATIONS DATA INITIATIVE - JODI
48.74,2020-04-01,JODI OIL-WORLD DATABASE,GLOBAL DATA,TOTAL OIL PRODUCTS,DEMAND,MONTHLY,CROATIA,THOUSAND BARRELS PER DAY(KB-D),JOINT ORGANISATIONS DATA INITIATIVE - JODI
41,2020-04-01,JODI OIL-WORLD DATABASE,GLOBAL DATA,TOTAL OIL PRODUCTS,DEMAND,MONTHLY,BAHRAIN,THOUSAND BARRELS PER DAY(KB-D),JOINT ORGANISATIONS DATA INITIATIVE - JODI
51.92,2020-04-01,JODI OIL-WORLD DATABASE,GLOBAL DATA,TOTAL OIL PRODUCTS,DEMAND,MONTHLY,MALTA,THOUSAND BARRELS PER DAY(KB-D),JOINT ORGANISATIONS DATA INITIATIVE - JODI
3174,2020-04-01,JODI OIL-WORLD DATABASE,GLOBAL DATA,TOTAL OIL PRODUCTS,DEMAND,MONTHLY,JAPAN,THOUSAND BARRELS PER DAY(KB-D),JOINT ORGANISATIONS DATA INITIATIVE - JODI
570,2020-04-01,JODI OIL-WORLD DATABASE,GLOBAL DATA,TOTAL OIL PRODUCTS,DEMAND,MONTHLY,ITALY,THOUSAND BARRELS PER DAY(KB-D),JOINT ORGANISATIONS DATA INITIATIVE - JODI
26,2020-04-01,JODI OIL-WORLD DATABASE,GLOBAL DATA,TOTAL OIL PRODUCTS,DEMAND,MONTHLY,ESTONIA,THOUSAND BARRELS PER DAY(KB-D),JOINT ORGANISATIONS DATA INITIATIVE - JODI
13967.59,2020-04-01,JODI OIL-WORLD DATABASE,GLOBAL DATA,TOTAL OIL PRODUCTS,DEMAND,MONTHLY,CHINA,THOUSAND BARRELS PER DAY(KB-D),JOINT ORGANISATIONS DATA INITIATIVE - JODI
132,2020-04-01,JODI OIL-WORLD DATABASE,GLOBAL DATA,TOTAL OIL PRODUCTS,DEMAND,MONTHLY,DENMARK,THOUSAND BARRELS PER DAY(KB-D),JOINT ORGANISATIONS DATA INITIATIVE - JODI
583,2020-04-01,JODI OIL-WORLD DATABASE,GLOBAL DATA,TOTAL OIL PRODUCTS,DEMAND,MONTHLY,POLAND,THOUSAND BARRELS PER DAY(KB-D),JOINT ORGANISATIONS DATA INITIATIVE - JODI
746,2020-04-01,JODI OIL-WORLD DATABASE,GLOBAL DATA,TOTAL OIL PRODUCTS,DEMAND,MONTHLY,AUSTRALIA,THOUSAND BARRELS PER DAY(KB-D),JOINT ORGANISATIONS DATA INITIATIVE - JODI
138,2020-04-01,JODI OIL-WORLD DATABASE,GLOBAL DATA,TOTAL OIL PRODUCTS,DEMAND,MONTHLY,PORTUGAL,THOUSAND BARRELS PER DAY(KB-D),JOINT ORGANISATIONS DATA INITIATIVE - JODI
765,2020-04-01,JODI OIL-WORLD DATABASE,GLOBAL DATA,TOTAL OIL PRODUCTS,DEMAND,MONTHLY,SPAIN,THOUSAND BARRELS PER DAY(KB-D),JOINT ORGANISATIONS DATA INITIATIVE - JODI
258,2020-04-01,JODI OIL-WORLD DATABASE,GLOBAL DATA,TOTAL OIL PRODUCTS,DEMAND,MONTHLY,SWEDEN,THOUSAND BARRELS PER DAY(KB-D),JOINT ORGANISATIONS DATA INITIATIVE - JODI
175,2020-04-01,JODI OIL-WORLD DATABASE,GLOBAL DATA,TOTAL OIL PRODUCTS,DEMAND,MONTHLY,FINLAND,THOUSAND BARRELS PER DAY(KB-D),JOINT ORGANISATIONS DATA INITIATIVE - JODI
146,2020-04-01,JODI OIL-WORLD DATABASE,GLOBAL DATA,TOTAL OIL PRODUCTS,DEMAND,MONTHLY,CZECH REPUBLIC,THOUSAND BARRELS PER DAY(KB-D),JOINT ORGANISATIONS DATA INITIATIVE - JODI
188,2020-04-01,JODI OIL-WORLD DATABASE,GLOBAL DATA,TOTAL OIL PRODUCTS,DEMAND,MONTHLY,NORWAY,THOUSAND BARRELS PER DAY(KB-D),JOINT ORGANISATIONS DATA INITIATIVE - JODI
770,2020-04-01,JODI OIL-WORLD DATABASE,GLOBAL DATA,TOTAL OIL PRODUCTS,DEMAND,MONTHLY,TURKEY,THOUSAND BARRELS PER DAY(KB-D),JOINT ORGANISATIONS DATA INITIATIVE - JODI
593,2020-04-01,JODI OIL-WORLD DATABASE,GLOBAL DATA,TOTAL OIL PRODUCTS,DEMAND,MONTHLY,BELGIUM,THOUSAND BARRELS PER DAY(KB-D),JOINT ORGANISATIONS DATA INITIATIVE - JODI
30,2020-04-01,JODI OIL-WORLD DATABASE,GLOBAL DATA,TOTAL OIL PRODUCTS,DEMAND,MONTHLY,SLOVENIA,THOUSAND BARRELS PER DAY(KB-D),JOINT ORGANISATIONS DATA INITIATIVE - JODI
100,2020-04-01,JODI OIL-WORLD DATABASE,GLOBAL DATA,TOTAL OIL PRODUCTS,DEMAND,MONTHLY,IRELAND,THOUSAND BARRELS PER DAY(KB-D),JOINT ORGANISATIONS DATA INITIATIVE - JODI
825,2020-04-01,JODI OIL-WORLD DATABASE,GLOBAL DATA,TOTAL OIL PRODUCTS,DEMAND,MONTHLY,NETHERLANDS,THOUSAND BARRELS PER DAY(KB-D),JOINT ORGANISATIONS DATA INITIATIVE - JODI
59.42,2020-04-01,JODI OIL-WORLD DATABASE,GLOBAL DATA,TOTAL OIL PRODUCTS,DEMAND,MONTHLY,LITHUANIA,THOUSAND BARRELS PER DAY(KB-D),JOINT ORGANISATIONS DATA INITIATIVE - JODI
930.26,2020-04-01,JODI OIL-WORLD DATABASE,GLOBAL DATA,TOTAL OIL PRODUCTS,DEMAND,MONTHLY,THAILAND,THOUSAND BARRELS PER DAY(KB-D),JOINT ORGANISATIONS DATA INITIATIVE - JODI
2283,2020-04-01,JODI OIL-WORLD DATABASE,GLOBAL DATA,TOTAL OIL PRODUCTS,DEMAND,MONTHLY,CANADA,THOUSAND BARRELS PER DAY(KB-D),JOINT ORGANISATIONS DATA INITIATIVE - JODI
1036,2020-04-01,JODI OIL-WORLD DATABASE,GLOBAL DATA,TOTAL OIL PRODUCTS,DEMAND,MONTHLY,FRANCE,THOUSAND BARRELS PER DAY(KB-D),JOINT ORGANISATIONS DATA INITIATIVE - JODI
2569,2020-04-01,JODI OIL-WORLD DATABASE,GLOBAL DATA,TOTAL OIL PRODUCTS,DEMAND,MONTHLY,"KOREA, REPUBLIC OF",THOUSAND BARRELS PER DAY(KB-D),JOINT ORGANISATIONS DATA INITIATIVE - JODI
529,2020-04-01,JODI OIL-WORLD DATABASE,GLOBAL DATA,TOTAL OIL PRODUCTS,DEMAND,MONTHLY,NIGERIA,THOUSAND BARRELS PER DAY(KB-D),JOINT ORGANISATIONS DATA INITIATIVE - JODI
208,2020-04-01,JODI OIL-WORLD DATABASE,GLOBAL DATA,TOTAL OIL PRODUCTS,DEMAND,MONTHLY,AUSTRIA,THOUSAND BARRELS PER DAY(KB-D),JOINT ORGANISATIONS DATA INITIATIVE - JODI
1714,2020-04-01,JODI OIL-WORLD DATABASE,GLOBAL DATA,TOTAL OIL PRODUCTS,DEMAND,MONTHLY,SAUDI ARABIA,THOUSAND BARRELS PER DAY(KB-D),JOINT ORGANISATIONS DATA INITIATIVE - JODI
3,2020-04-01,JODI OIL-WORLD DATABASE,GLOBAL DATA,TOTAL OIL PRODUCTS,DEMAND,MONTHLY,CHILE,THOUSAND BARRELS PER DAY(KB-D),JOINT ORGANISATIONS DATA INITIATIVE - JODI
74,2020-04-01,JODI OIL-WORLD DATABASE,GLOBAL DATA,TOTAL OIL PRODUCTS,DEMAND,MONTHLY,SLOVAKIA,THOUSAND BARRELS PER DAY(KB-D),JOINT ORGANISATIONS DATA INITIATIVE - JODI
30,2020-04-01,JODI OIL-WORLD DATABASE,GLOBAL DATA,TOTAL OIL PRODUCTS,DEMAND,MONTHLY,COSTA RICA,THOUSAND BARRELS PER DAY(KB-D),JOINT ORGANISATIONS DATA INITIATIVE - JODI
400,2020-04-01,JODI OIL-WORLD DATABASE,GLOBAL DATA,TOTAL OIL PRODUCTS,DEMAND,MONTHLY,ARGENTINA,THOUSAND BARRELS PER DAY(KB-D),JOINT ORGANISATIONS DATA INITIATIVE - JODI
1931,2020-04-01,JODI OIL-WORLD DATABASE,GLOBAL DATA,TOTAL OIL PRODUCTS,DEMAND,MONTHLY,BRAZIL,THOUSAND BARRELS PER DAY(KB-D),JOINT ORGANISATIONS DATA INITIATIVE - JODI
217,2020-04-01,JODI OIL-WORLD DATABASE,GLOBAL DATA,TOTAL OIL PRODUCTS,DEMAND,MONTHLY,UKRAINE,THOUSAND BARRELS PER DAY(KB-D),JOINT ORGANISATIONS DATA INITIATIVE - JODI
4,2020-04-01,JODI OIL-WORLD DATABASE,GLOBAL DATA,TOTAL OIL PRODUCTS,DEMAND,MONTHLY,EQUATORIAL GUINEA,THOUSAND BARRELS PER DAY(KB-D),JOINT ORGANISATIONS DATA INITIATIVE - JODI
16,2020-04-01,JODI OIL-WORLD DATABASE,GLOBAL DATA,TOTAL OIL PRODUCTS,DEMAND,MONTHLY,GEORGIA,THOUSAND BARRELS PER DAY(KB-D),JOINT ORGANISATIONS DATA INITIATIVE - JODI
15,2020-04-01,JODI OIL-WORLD DATABASE,GLOBAL DATA,TOTAL OIL PRODUCTS,DEMAND,MONTHLY,"MOLDOVA, REPUBLIC OF",THOUSAND BARRELS PER DAY(KB-D),JOINT ORGANISATIONS DATA INITIATIVE - JODI
1062,2020-04-01,JODI OIL-WORLD DATABASE,GLOBAL DATA,TOTAL OIL PRODUCTS,DEMAND,MONTHLY,MEXICO,THOUSAND BARRELS PER DAY(KB-D),JOINT ORGANISATIONS DATA INITIATIVE - JODI
209,2020-04-01,JODI OIL-WORLD DATABASE,GLOBAL DATA,TOTAL OIL PRODUCTS,DEMAND,MONTHLY,BELARUS,THOUSAND BARRELS PER DAY(KB-D),JOINT ORGANISATIONS DATA INITIATIVE - JODI
250,2020-04-01,JODI OIL-WORLD DATABASE,GLOBAL DATA,TOTAL OIL PRODUCTS,DEMAND,MONTHLY,GREECE,THOUSAND BARRELS PER DAY(KB-D),JOINT ORGANISATIONS DATA INITIATIVE - JODI
411,2020-04-01,JODI OIL-WORLD DATABASE,GLOBAL DATA,TOTAL OIL PRODUCTS,DEMAND,MONTHLY,IRAQ,THOUSAND BARRELS PER DAY(KB-D),JOINT ORGANISATIONS DATA INITIATIVE - JODI
122,2020-04-01,JODI OIL-WORLD DATABASE,GLOBAL DATA,TOTAL OIL PRODUCTS,DEMAND,MONTHLY,NEW ZEALAND,THOUSAND BARRELS PER DAY(KB-D),JOINT ORGANISATIONS DATA INITIATIVE - JODI
1254.84,2020-04-01,JODI OIL-WORLD DATABASE,GLOBAL DATA,TOTAL OIL PRODUCTS,DEMAND,MONTHLY,INDONESIA,THOUSAND BARRELS PER DAY(KB-D),JOINT ORGANISATIONS DATA INITIATIVE - JODI
189.05,2020-04-01,JODI OIL-WORLD DATABASE,GLOBAL DATA,TOTAL OIL PRODUCTS,DEMAND,MONTHLY,PHILIPPINES,THOUSAND BARRELS PER DAY(KB-D),JOINT ORGANISATIONS DATA INITIATIVE - JODI
6,2020-04-01,JODI OIL-WORLD DATABASE,GLOBAL DATA,TOTAL OIL PRODUCTS,DEMAND,MONTHLY,GABON,THOUSAND BARRELS PER DAY(KB-D),JOINT ORGANISATIONS DATA INITIATIVE - JODI
13.81,2020-03-01,JODI OIL-WORLD DATABASE,GLOBAL DATA,TOTAL OIL PRODUCTS,DEMAND,MONTHLY,BRUNEI DARUSSALAM,THOUSAND BARRELS PER DAY(KB-D),JOINT ORGANISATIONS DATA INITIATIVE - JODI
2407,2020-03-01,JODI OIL-WORLD DATABASE,GLOBAL DATA,TOTAL OIL PRODUCTS,DEMAND,MONTHLY,GERMANY,THOUSAND BARRELS PER DAY(KB-D),JOINT ORGANISATIONS DATA INITIATIVE - JODI
42.66,2020-03-01,JODI OIL-WORLD DATABASE,GLOBAL DATA,TOTAL OIL PRODUCTS,DEMAND,MONTHLY,CYPRUS,THOUSAND BARRELS PER DAY(KB-D),JOINT ORGANISATIONS DATA INITIATIVE - JODI
203,2020-03-01,JODI OIL-WORLD DATABASE,GLOBAL DATA,TOTAL OIL PRODUCTS,DEMAND,MONTHLY,SWITZERLAND,THOUSAND BARRELS PER DAY(KB-D),JOINT ORGANISATIONS DATA INITIATIVE - JODI
18284,2020-03-01,JODI OIL-WORLD DATABASE,GLOBAL DATA,TOTAL OIL PRODUCTS,DEMAND,MONTHLY,UNITED STATES,THOUSAND BARRELS PER DAY(KB-D),JOINT ORGANISATIONS DATA INITIATIVE - JODI
99,2020-03-01,JODI OIL-WORLD DATABASE,GLOBAL DATA,TOTAL OIL PRODUCTS,DEMAND,MONTHLY,AZERBAIJAN,THOUSAND BARRELS PER DAY(KB-D),JOINT ORGANISATIONS DATA INITIATIVE - JODI
18,2020-03-01,JODI OIL-WORLD DATABASE,GLOBAL DATA,TOTAL OIL PRODUCTS,DEMAND,MONTHLY,ICELAND,THOUSAND BARRELS PER DAY(KB-D),JOINT ORGANISATIONS DATA INITIATIVE - JODI
165,2020-03-01,JODI OIL-WORLD DATABASE,GLOBAL DATA,TOTAL OIL PRODUCTS,DEMAND,MONTHLY,HUNGARY,THOUSAND BARRELS PER DAY(KB-D),JOINT ORGANISATIONS DATA INITIATIVE - JODI
53,2020-03-01,JODI OIL-WORLD DATABASE,GLOBAL DATA,TOTAL OIL PRODUCTS,DEMAND,MONTHLY,LUXEMBOURG,THOUSAND BARRELS PER DAY(KB-D),JOINT ORGANISATIONS DATA INITIATIVE - JODI
1468,2020-03-01,JODI OIL-WORLD DATABASE,GLOBAL DATA,TOTAL OIL PRODUCTS,DEMAND,MONTHLY,UNITED KINGDOM,THOUSAND BARRELS PER DAY(KB-D),JOINT ORGANISATIONS DATA INITIATIVE - JODI
55.74,2020-03-01,JODI OIL-WORLD DATABASE,GLOBAL DATA,TOTAL OIL PRODUCTS,DEMAND,MONTHLY,CROATIA,THOUSAND BARRELS PER DAY(KB-D),JOINT ORGANISATIONS DATA INITIATIVE - JODI
26,2020-03-01,JODI OIL-WORLD DATABASE,GLOBAL DATA,TOTAL OIL PRODUCTS,DEMAND,MONTHLY,BAHRAIN,THOUSAND BARRELS PER DAY(KB-D),JOINT ORGANISATIONS DATA INITIATIVE - JODI
57.28,2020-03-01,JODI OIL-WORLD DATABASE,GLOBAL DATA,TOTAL OIL PRODUCTS,DEMAND,MONTHLY,MALTA,THOUSAND BARRELS PER DAY(KB-D),JOINT ORGANISATIONS DATA INITIATIVE - JODI
3540,2020-03-01,JODI OIL-WORLD DATABASE,GLOBAL DATA,TOTAL OIL PRODUCTS,DEMAND,MONTHLY,JAPAN,THOUSAND BARRELS PER DAY(KB-D),JOINT ORGANISATIONS DATA INITIATIVE - JODI
838,2020-03-01,JODI OIL-WORLD DATABASE,GLOBAL DATA,TOTAL OIL PRODUCTS,DEMAND,MONTHLY,ITALY,THOUSAND BARRELS PER DAY(KB-D),JOINT ORGANISATIONS DATA INITIATIVE - JODI
25,2020-03-01,JODI OIL-WORLD DATABASE,GLOBAL DATA,TOTAL OIL PRODUCTS,DEMAND,MONTHLY,ESTONIA,THOUSAND BARRELS PER DAY(KB-D),JOINT ORGANISATIONS DATA INITIATIVE - JODI
13380.94,2020-03-01,JODI OIL-WORLD DATABASE,GLOBAL DATA,TOTAL OIL PRODUCTS,DEMAND,MONTHLY,CHINA,THOUSAND BARRELS PER DAY(KB-D),JOINT ORGANISATIONS DATA INITIATIVE - JODI
136,2020-03-01,JODI OIL-WORLD DATABASE,GLOBAL DATA,TOTAL OIL PRODUCTS,DEMAND,MONTHLY,DENMARK,THOUSAND BARRELS PER DAY(KB-D),JOINT ORGANISATIONS DATA INITIATIVE - JODI
652,2020-03-01,JODI OIL-WORLD DATABASE,GLOBAL DATA,TOTAL OIL PRODUCTS,DEMAND,MONTHLY,POLAND,THOUSAND BARRELS PER DAY(KB-D),JOINT ORGANISATIONS DATA INITIATIVE - JODI
1047,2020-03-01,JODI OIL-WORLD DATABASE,GLOBAL DATA,TOTAL OIL PRODUCTS,DEMAND,MONTHLY,AUSTRALIA,THOUSAND BARRELS PER DAY(KB-D),JOINT ORGANISATIONS DATA INITIATIVE - JODI
201,2020-03-01,JODI OIL-WORLD DATABASE,GLOBAL DATA,TOTAL OIL PRODUCTS,DEMAND,MONTHLY,PORTUGAL,THOUSAND BARRELS PER DAY(KB-D),JOINT ORGANISATIONS DATA INITIATIVE - JODI
1108,2020-03-01,JODI OIL-WORLD DATABASE,GLOBAL DATA,TOTAL OIL PRODUCTS,DEMAND,MONTHLY,SPAIN,THOUSAND BARRELS PER DAY(KB-D),JOINT ORGANISATIONS DATA INITIATIVE - JODI
291,2020-03-01,JODI OIL-WORLD DATABASE,GLOBAL DATA,TOTAL OIL PRODUCTS,DEMAND,MONTHLY,SWEDEN,THOUSAND BARRELS PER DAY(KB-D),JOINT ORGANISATIONS DATA INITIATIVE - JODI
192,2020-03-01,JODI OIL-WORLD DATABASE,GLOBAL DATA,TOTAL OIL PRODUCTS,DEMAND,MONTHLY,FINLAND,THOUSAND BARRELS PER DAY(KB-D),JOINT ORGANISATIONS DATA INITIATIVE - JODI
178,2020-03-01,JODI OIL-WORLD DATABASE,GLOBAL DATA,TOTAL OIL PRODUCTS,DEMAND,MONTHLY,CZECH REPUBLIC,THOUSAND BARRELS PER DAY(KB-D),JOINT ORGANISATIONS DATA INITIATIVE - JODI
239,2020-03-01,JODI OIL-WORLD DATABASE,GLOBAL DATA,TOTAL OIL PRODUCTS,DEMAND,MONTHLY,NORWAY,THOUSAND BARRELS PER DAY(KB-D),JOINT ORGANISATIONS DATA INITIATIVE - JODI
911,2020-03-01,JODI OIL-WORLD DATABASE,GLOBAL DATA,TOTAL OIL PRODUCTS,DEMAND,MONTHLY,TURKEY,THOUSAND BARRELS PER DAY(KB-D),JOINT ORGANISATIONS DATA INITIATIVE - JODI
667,2020-03-01,JODI OIL-WORLD DATABASE,GLOBAL DATA,TOTAL OIL PRODUCTS,DEMAND,MONTHLY,BELGIUM,THOUSAND BARRELS PER DAY(KB-D),JOINT ORGANISATIONS DATA INITIATIVE - JODI
41,2020-03-01,JODI OIL-WORLD DATABASE,GLOBAL DATA,TOTAL OIL PRODUCTS,DEMAND,MONTHLY,SLOVENIA,THOUSAND BARRELS PER DAY(KB-D),JOINT ORGANISATIONS DATA INITIATIVE - JODI
163,2020-03-01,JODI OIL-WORLD DATABASE,GLOBAL DATA,TOTAL OIL PRODUCTS,DEMAND,MONTHLY,IRELAND,THOUSAND BARRELS PER DAY(KB-D),JOINT ORGANISATIONS DATA INITIATIVE - JODI
1008,2020-03-01,JODI OIL-WORLD DATABASE,GLOBAL DATA,TOTAL OIL PRODUCTS,DEMAND,MONTHLY,NETHERLANDS,THOUSAND BARRELS PER DAY(KB-D),JOINT ORGANISATIONS DATA INITIATIVE - JODI
61.54,2020-03-01,JODI OIL-WORLD DATABASE,GLOBAL DATA,TOTAL OIL PRODUCTS,DEMAND,MONTHLY,LITHUANIA,THOUSAND BARRELS PER DAY(KB-D),JOINT ORGANISATIONS DATA INITIATIVE - JODI
940.41,2020-03-01,JODI OIL-WORLD DATABASE,GLOBAL DATA,TOTAL OIL PRODUCTS,DEMAND,MONTHLY,THAILAND,THOUSAND BARRELS PER DAY(KB-D),JOINT ORGANISATIONS DATA INITIATIVE - JODI
2247,2020-03-01,JODI OIL-WORLD DATABASE,GLOBAL DATA,TOTAL OIL PRODUCTS,DEMAND,MONTHLY,CANADA,THOUSAND BARRELS PER DAY(KB-D),JOINT ORGANISATIONS DATA INITIATIVE - JODI
1416,2020-03-01,JODI OIL-WORLD DATABASE,GLOBAL DATA,TOTAL OIL PRODUCTS,DEMAND,MONTHLY,FRANCE,THOUSAND BARRELS PER DAY(KB-D),JOINT ORGANISATIONS DATA INITIATIVE - JODI
2553,2020-03-01,JODI OIL-WORLD DATABASE,GLOBAL DATA,TOTAL OIL PRODUCTS,DEMAND,MONTHLY,"KOREA, REPUBLIC OF",THOUSAND BARRELS PER DAY(KB-D),JOINT ORGANISATIONS DATA INITIATIVE - JODI
512,2020-03-01,JODI OIL-WORLD DATABASE,GLOBAL DATA,TOTAL OIL PRODUCTS,DEMAND,MONTHLY,NIGERIA,THOUSAND BARRELS PER DAY(KB-D),JOINT ORGANISATIONS DATA INITIATIVE - JODI
239,2020-03-01,JODI OIL-WORLD DATABASE,GLOBAL DATA,TOTAL OIL PRODUCTS,DEMAND,MONTHLY,AUSTRIA,THOUSAND BARRELS PER DAY(KB-D),JOINT ORGANISATIONS DATA INITIATIVE - JODI
1848,2020-03-01,JODI OIL-WORLD DATABASE,GLOBAL DATA,TOTAL OIL PRODUCTS,DEMAND,MONTHLY,SAUDI ARABIA,THOUSAND BARRELS PER DAY(KB-D),JOINT ORGANISATIONS DATA INITIATIVE - JODI
404,2020-03-01,JODI OIL-WORLD DATABASE,GLOBAL DATA,TOTAL OIL PRODUCTS,DEMAND,MONTHLY,CHILE,THOUSAND BARRELS PER DAY(KB-D),JOINT ORGANISATIONS DATA INITIATIVE - JODI
82,2020-03-01,JODI OIL-WORLD DATABASE,GLOBAL DATA,TOTAL OIL PRODUCTS,DEMAND,MONTHLY,SLOVAKIA,THOUSAND BARRELS PER DAY(KB-D),JOINT ORGANISATIONS DATA INITIATIVE - JODI
58,2020-03-01,JODI OIL-WORLD DATABASE,GLOBAL DATA,TOTAL OIL PRODUCTS,DEMAND,MONTHLY,COSTA RICA,THOUSAND BARRELS PER DAY(KB-D),JOINT ORGANISATIONS DATA INITIATIVE - JODI
518,2020-03-01,JODI OIL-WORLD DATABASE,GLOBAL DATA,TOTAL OIL PRODUCTS,DEMAND,MONTHLY,ARGENTINA,THOUSAND BARRELS PER DAY(KB-D),JOINT ORGANISATIONS DATA INITIATIVE - JODI
2243,2020-03-01,JODI OIL-WORLD DATABASE,GLOBAL DATA,TOTAL OIL PRODUCTS,DEMAND,MONTHLY,BRAZIL,THOUSAND BARRELS PER DAY(KB-D),JOINT ORGANISATIONS DATA INITIATIVE - JODI
184,2020-03-01,JODI OIL-WORLD DATABASE,GLOBAL DATA,TOTAL OIL PRODUCTS,DEMAND,MONTHLY,UKRAINE,THOUSAND BARRELS PER DAY(KB-D),JOINT ORGANISATIONS DATA INITIATIVE - JODI
5,2020-03-01,JODI OIL-WORLD DATABASE,GLOBAL DATA,TOTAL OIL PRODUCTS,DEMAND,MONTHLY,EQUATORIAL GUINEA,THOUSAND BARRELS PER DAY(KB-D),JOINT ORGANISATIONS DATA INITIATIVE - JODI
23,2020-03-01,JODI OIL-WORLD DATABASE,GLOBAL DATA,TOTAL OIL PRODUCTS,DEMAND,MONTHLY,GEORGIA,THOUSAND BARRELS PER DAY(KB-D),JOINT ORGANISATIONS DATA INITIATIVE - JODI
20,2020-03-01,JODI OIL-WORLD DATABASE,GLOBAL DATA,TOTAL OIL PRODUCTS,DEMAND,MONTHLY,JAMAICA,THOUSAND BARRELS PER DAY(KB-D),JOINT ORGANISATIONS DATA INITIATIVE - JODI
28,2020-03-01,JODI OIL-WORLD DATABASE,GLOBAL DATA,TOTAL OIL PRODUCTS,DEMAND,MONTHLY,PAPUA NEW GUINEA,THOUSAND BARRELS PER DAY(KB-D),JOINT ORGANISATIONS DATA INITIATIVE - JODI
16,2020-03-01,JODI OIL-WORLD DATABASE,GLOBAL DATA,TOTAL OIL PRODUCTS,DEMAND,MONTHLY,"MOLDOVA, REPUBLIC OF",THOUSAND BARRELS PER DAY(KB-D),JOINT ORGANISATIONS DATA INITIATIVE - JODI
1444,2020-03-01,JODI OIL-WORLD DATABASE,GLOBAL DATA,TOTAL OIL PRODUCTS,DEMAND,MONTHLY,MEXICO,THOUSAND BARRELS PER DAY(KB-D),JOINT ORGANISATIONS DATA INITIATIVE - JODI
125,2020-03-01,JODI OIL-WORLD DATABASE,GLOBAL DATA,TOTAL OIL PRODUCTS,DEMAND,MONTHLY,BELARUS,THOUSAND BARRELS PER DAY(KB-D),JOINT ORGANISATIONS DATA INITIATIVE - JODI
244,2020-03-01,JODI OIL-WORLD DATABASE,GLOBAL DATA,TOTAL OIL PRODUCTS,DEMAND,MONTHLY,GREECE,THOUSAND BARRELS PER DAY(KB-D),JOINT ORGANISATIONS DATA INITIATIVE - JODI
475,2020-03-01,JODI OIL-WORLD DATABASE,GLOBAL DATA,TOTAL OIL PRODUCTS,DEMAND,MONTHLY,IRAQ,THOUSAND BARRELS PER DAY(KB-D),JOINT ORGANISATIONS DATA INITIATIVE - JODI
164,2020-03-01,JODI OIL-WORLD DATABASE,GLOBAL DATA,TOTAL OIL PRODUCTS,DEMAND,MONTHLY,NEW ZEALAND,THOUSAND BARRELS PER DAY(KB-D),JOINT ORGANISATIONS DATA INITIATIVE - JODI
1684.49,2020-03-01,JODI OIL-WORLD DATABASE,GLOBAL DATA,TOTAL OIL PRODUCTS,DEMAND,MONTHLY,INDONESIA,THOUSAND BARRELS PER DAY(KB-D),JOINT ORGANISATIONS DATA INITIATIVE - JODI
366.69,2020-03-01,JODI OIL-WORLD DATABASE,GLOBAL DATA,TOTAL OIL PRODUCTS,DEMAND,MONTHLY,PHILIPPINES,THOUSAND BARRELS PER DAY(KB-D),JOINT ORGANISATIONS DATA INITIATIVE - JODI
13,2020-03-01,JODI OIL-WORLD DATABASE,GLOBAL DATA,TOTAL OIL PRODUCTS,DEMAND,MONTHLY,GABON,THOUSAND BARRELS PER DAY(KB-D),JOINT ORGANISATIONS DATA INITIATIVE - JODI
15.62,2020-02-01,JODI OIL-WORLD DATABASE,GLOBAL DATA,TOTAL OIL PRODUCTS,DEMAND,MONTHLY,BRUNEI DARUSSALAM,THOUSAND BARRELS PER DAY(KB-D),JOINT ORGANISATIONS DATA INITIATIVE - JODI
2268,2020-02-01,JODI OIL-WORLD DATABASE,GLOBAL DATA,TOTAL OIL PRODUCTS,DEMAND,MONTHLY,GERMANY,THOUSAND BARRELS PER DAY(KB-D),JOINT ORGANISATIONS DATA INITIATIVE - JODI
56.08,2020-02-01,JODI OIL-WORLD DATABASE,GLOBAL DATA,TOTAL OIL PRODUCTS,DEMAND,MONTHLY,CYPRUS,THOUSAND BARRELS PER DAY(KB-D),JOINT ORGANISATIONS DATA INITIATIVE - JODI
220,2020-02-01,JODI OIL-WORLD DATABASE,GLOBAL DATA,TOTAL OIL PRODUCTS,DEMAND,MONTHLY,SWITZERLAND,THOUSAND BARRELS PER DAY(KB-D),JOINT ORGANISATIONS DATA INITIATIVE - JODI
20508.41,2020-02-01,JODI OIL-WORLD DATABASE,GLOBAL DATA,TOTAL OIL PRODUCTS,DEMAND,MONTHLY,UNITED STATES,THOUSAND BARRELS PER DAY(KB-D),JOINT ORGANISATIONS DATA INITIATIVE - JODI
99,2020-02-01,JODI OIL-WORLD DATABASE,GLOBAL DATA,TOTAL OIL PRODUCTS,DEMAND,MONTHLY,AZERBAIJAN,THOUSAND BARRELS PER DAY(KB-D),JOINT ORGANISATIONS DATA INITIATIVE - JODI
5,2020-02-01,JODI OIL-WORLD DATABASE,GLOBAL DATA,TOTAL OIL PRODUCTS,DEMAND,MONTHLY,ICELAND,THOUSAND BARRELS PER DAY(KB-D),JOINT ORGANISATIONS DATA INITIATIVE - JODI
170,2020-02-01,JODI OIL-WORLD DATABASE,GLOBAL DATA,TOTAL OIL PRODUCTS,DEMAND,MONTHLY,HUNGARY,THOUSAND BARRELS PER DAY(KB-D),JOINT ORGANISATIONS DATA INITIATIVE - JODI
57,2020-02-01,JODI OIL-WORLD DATABASE,GLOBAL DATA,TOTAL OIL PRODUCTS,DEMAND,MONTHLY,LUXEMBOURG,THOUSAND BARRELS PER DAY(KB-D),JOINT ORGANISATIONS DATA INITIATIVE - JODI
1595,2020-02-01,JODI OIL-WORLD DATABASE,GLOBAL DATA,TOTAL OIL PRODUCTS,DEMAND,MONTHLY,UNITED KINGDOM,THOUSAND BARRELS PER DAY(KB-D),JOINT ORGANISATIONS DATA INITIATIVE - JODI
52.31,2020-02-01,JODI OIL-WORLD DATABASE,GLOBAL DATA,TOTAL OIL PRODUCTS,DEMAND,MONTHLY,CROATIA,THOUSAND BARRELS PER DAY(KB-D),JOINT ORGANISATIONS DATA INITIATIVE - JODI
34,2020-02-01,JODI OIL-WORLD DATABASE,GLOBAL DATA,TOTAL OIL PRODUCTS,DEMAND,MONTHLY,BAHRAIN,THOUSAND BARRELS PER DAY(KB-D),JOINT ORGANISATIONS DATA INITIATIVE - JODI
56.72,2020-02-01,JODI OIL-WORLD DATABASE,GLOBAL DATA,TOTAL OIL PRODUCTS,DEMAND,MONTHLY,MALTA,THOUSAND BARRELS PER DAY(KB-D),JOINT ORGANISATIONS DATA INITIATIVE - JODI
4075,2020-02-01,JODI OIL-WORLD DATABASE,GLOBAL DATA,TOTAL OIL PRODUCTS,DEMAND,MONTHLY,JAPAN,THOUSAND BARRELS PER DAY(KB-D),JOINT ORGANISATIONS DATA INITIATIVE - JODI
1198,2020-02-01,JODI OIL-WORLD DATABASE,GLOBAL DATA,TOTAL OIL PRODUCTS,DEMAND,MONTHLY,ITALY,THOUSAND BARRELS PER DAY(KB-D),JOINT ORGANISATIONS DATA INITIATIVE - JODI
30,2020-02-01,JODI OIL-WORLD DATABASE,GLOBAL DATA,TOTAL OIL PRODUCTS,DEMAND,MONTHLY,ESTONIA,THOUSAND BARRELS PER DAY(KB-D),JOINT ORGANISATIONS DATA INITIATIVE - JODI
14374.68,2020-02-01,JODI OIL-WORLD DATABASE,GLOBAL DATA,TOTAL OIL PRODUCTS,DEMAND,MONTHLY,CHINA,THOUSAND BARRELS PER DAY(KB-D),JOINT ORGANISATIONS DATA INITIATIVE - JODI
144,2020-02-01,JODI OIL-WORLD DATABASE,GLOBAL DATA,TOTAL OIL PRODUCTS,DEMAND,MONTHLY,DENMARK,THOUSAND BARRELS PER DAY(KB-D),JOINT ORGANISATIONS DATA INITIATIVE - JODI
667,2020-02-01,JODI OIL-WORLD DATABASE,GLOBAL DATA,TOTAL OIL PRODUCTS,DEMAND,MONTHLY,POLAND,THOUSAND BARRELS PER DAY(KB-D),JOINT ORGANISATIONS DATA INITIATIVE - JODI
1084,2020-02-01,JODI OIL-WORLD DATABASE,GLOBAL DATA,TOTAL OIL PRODUCTS,DEMAND,MONTHLY,AUSTRALIA,THOUSAND BARRELS PER DAY(KB-D),JOINT ORGANISATIONS DATA INITIATIVE - JODI
218,2020-02-01,JODI OIL-WORLD DATABASE,GLOBAL DATA,TOTAL OIL PRODUCTS,DEMAND,MONTHLY,PORTUGAL,THOUSAND BARRELS PER DAY(KB-D),JOINT ORGANISATIONS DATA INITIATIVE - JODI
1281,2020-02-01,JODI OIL-WORLD DATABASE,GLOBAL DATA,TOTAL OIL PRODUCTS,DEMAND,MONTHLY,SPAIN,THOUSAND BARRELS PER DAY(KB-D),JOINT ORGANISATIONS DATA INITIATIVE - JODI
250,2020-02-01,JODI OIL-WORLD DATABASE,GLOBAL DATA,TOTAL OIL PRODUCTS,DEMAND,MONTHLY,SWEDEN,THOUSAND BARRELS PER DAY(KB-D),JOINT ORGANISATIONS DATA INITIATIVE - JODI
190,2020-02-01,JODI OIL-WORLD DATABASE,GLOBAL DATA,TOTAL OIL PRODUCTS,DEMAND,MONTHLY,FINLAND,THOUSAND BARRELS PER DAY(KB-D),JOINT ORGANISATIONS DATA INITIATIVE - JODI
205,2020-02-01,JODI OIL-WORLD DATABASE,GLOBAL DATA,TOTAL OIL PRODUCTS,DEMAND,MONTHLY,CZECH REPUBLIC,THOUSAND BARRELS PER DAY(KB-D),JOINT ORGANISATIONS DATA INITIATIVE - JODI
246,2020-02-01,JODI OIL-WORLD DATABASE,GLOBAL DATA,TOTAL OIL PRODUCTS,DEMAND,MONTHLY,NORWAY,THOUSAND BARRELS PER DAY(KB-D),JOINT ORGANISATIONS DATA INITIATIVE - JODI
966,2020-02-01,JODI OIL-WORLD DATABASE,GLOBAL DATA,TOTAL OIL PRODUCTS,DEMAND,MONTHLY,TURKEY,THOUSAND BARRELS PER DAY(KB-D),JOINT ORGANISATIONS DATA INITIATIVE - JODI
644,2020-02-01,JODI OIL-WORLD DATABASE,GLOBAL DATA,TOTAL OIL PRODUCTS,DEMAND,MONTHLY,BELGIUM,THOUSAND BARRELS PER DAY(KB-D),JOINT ORGANISATIONS DATA INITIATIVE - JODI
45,2020-02-01,JODI OIL-WORLD DATABASE,GLOBAL DATA,TOTAL OIL PRODUCTS,DEMAND,MONTHLY,SLOVENIA,THOUSAND BARRELS PER DAY(KB-D),JOINT ORGANISATIONS DATA INITIATIVE - JODI
167,2020-02-01,JODI OIL-WORLD DATABASE,GLOBAL DATA,TOTAL OIL PRODUCTS,DEMAND,MONTHLY,IRELAND,THOUSAND BARRELS PER DAY(KB-D),JOINT ORGANISATIONS DATA INITIATIVE - JODI
1089,2020-02-01,JODI OIL-WORLD DATABASE,GLOBAL DATA,TOTAL OIL PRODUCTS,DEMAND,MONTHLY,NETHERLANDS,THOUSAND BARRELS PER DAY(KB-D),JOINT ORGANISATIONS DATA INITIATIVE - JODI
61.2,2020-02-01,JODI OIL-WORLD DATABASE,GLOBAL DATA,TOTAL OIL PRODUCTS,DEMAND,MONTHLY,LITHUANIA,THOUSAND BARRELS PER DAY(KB-D),JOINT ORGANISATIONS DATA INITIATIVE - JODI
973.97,2020-02-01,JODI OIL-WORLD DATABASE,GLOBAL DATA,TOTAL OIL PRODUCTS,DEMAND,MONTHLY,THAILAND,THOUSAND BARRELS PER DAY(KB-D),JOINT ORGANISATIONS DATA INITIATIVE - JODI
2677,2020-02-01,JODI OIL-WORLD DATABASE,GLOBAL DATA,TOTAL OIL PRODUCTS,DEMAND,MONTHLY,CANADA,THOUSAND BARRELS PER DAY(KB-D),JOINT ORGANISATIONS DATA INITIATIVE - JODI
1610,2020-02-01,JODI OIL-WORLD DATABASE,GLOBAL DATA,TOTAL OIL PRODUCTS,DEMAND,MONTHLY,FRANCE,THOUSAND BARRELS PER DAY(KB-D),JOINT ORGANISATIONS DATA INITIATIVE - JODI
2768,2020-02-01,JODI OIL-WORLD DATABASE,GLOBAL DATA,TOTAL OIL PRODUCTS,DEMAND,MONTHLY,"KOREA, REPUBLIC OF",THOUSAND BARRELS PER DAY(KB-D),JOINT ORGANISATIONS DATA INITIATIVE - JODI
532,2020-02-01,JODI OIL-WORLD DATABASE,GLOBAL DATA,TOTAL OIL PRODUCTS,DEMAND,MONTHLY,NIGERIA,THOUSAND BARRELS PER DAY(KB-D),JOINT ORGANISATIONS DATA INITIATIVE - JODI
262,2020-02-01,JODI OIL-WORLD DATABASE,GLOBAL DATA,TOTAL OIL PRODUCTS,DEMAND,MONTHLY,AUSTRIA,THOUSAND BARRELS PER DAY(KB-D),JOINT ORGANISATIONS DATA INITIATIVE - JODI
2155,2020-02-01,JODI OIL-WORLD DATABASE,GLOBAL DATA,TOTAL OIL PRODUCTS,DEMAND,MONTHLY,SAUDI ARABIA,THOUSAND BARRELS PER DAY(KB-D),JOINT ORGANISATIONS DATA INITIATIVE - JODI
5,2020-02-01,JODI OIL-WORLD DATABASE,GLOBAL DATA,TOTAL OIL PRODUCTS,DEMAND,MONTHLY,CHILE,THOUSAND BARRELS PER DAY(KB-D),JOINT ORGANISATIONS DATA INITIATIVE - JODI
88,2020-02-01,JODI OIL-WORLD DATABASE,GLOBAL DATA,TOTAL OIL PRODUCTS,DEMAND,MONTHLY,SLOVAKIA,THOUSAND BARRELS PER DAY(KB-D),JOINT ORGANISATIONS DATA INITIATIVE - JODI
66,2020-02-01,JODI OIL-WORLD DATABASE,GLOBAL DATA,TOTAL OIL PRODUCTS,DEMAND,MONTHLY,COSTA RICA,THOUSAND BARRELS PER DAY(KB-D),JOINT ORGANISATIONS DATA INITIATIVE - JODI
609,2020-02-01,JODI OIL-WORLD DATABASE,GLOBAL DATA,TOTAL OIL PRODUCTS,DEMAND,MONTHLY,ARGENTINA,THOUSAND BARRELS PER DAY(KB-D),JOINT ORGANISATIONS DATA INITIATIVE - JODI
2401,2020-02-01,JODI OIL-WORLD DATABASE,GLOBAL DATA,TOTAL OIL PRODUCTS,DEMAND,MONTHLY,BRAZIL,THOUSAND BARRELS PER DAY(KB-D),JOINT ORGANISATIONS DATA INITIATIVE - JODI
190,2020-02-01,JODI OIL-WORLD DATABASE,GLOBAL DATA,TOTAL OIL PRODUCTS,DEMAND,MONTHLY,UKRAINE,THOUSAND BARRELS PER DAY(KB-D),JOINT ORGANISATIONS DATA INITIATIVE - JODI
5,2020-02-01,JODI OIL-WORLD DATABASE,GLOBAL DATA,TOTAL OIL PRODUCTS,DEMAND,MONTHLY,EQUATORIAL GUINEA,THOUSAND BARRELS PER DAY(KB-D),JOINT ORGANISATIONS DATA INITIATIVE - JODI
26,2020-02-01,JODI OIL-WORLD DATABASE,GLOBAL DATA,TOTAL OIL PRODUCTS,DEMAND,MONTHLY,GEORGIA,THOUSAND BARRELS PER DAY(KB-D),JOINT ORGANISATIONS DATA INITIATIVE - JODI
35,2020-02-01,JODI OIL-WORLD DATABASE,GLOBAL DATA,TOTAL OIL PRODUCTS,DEMAND,MONTHLY,JAMAICA,THOUSAND BARRELS PER DAY(KB-D),JOINT ORGANISATIONS DATA INITIATIVE - JODI
20.94,2020-02-01,JODI OIL-WORLD DATABASE,GLOBAL DATA,TOTAL OIL PRODUCTS,DEMAND,MONTHLY,PAPUA NEW GUINEA,THOUSAND BARRELS PER DAY(KB-D),JOINT ORGANISATIONS DATA INITIATIVE - JODI
18,2020-02-01,JODI OIL-WORLD DATABASE,GLOBAL DATA,TOTAL OIL PRODUCTS,DEMAND,MONTHLY,"MOLDOVA, REPUBLIC OF",THOUSAND BARRELS PER DAY(KB-D),JOINT ORGANISATIONS DATA INITIATIVE - JODI
1531,2020-02-01,JODI OIL-WORLD DATABASE,GLOBAL DATA,TOTAL OIL PRODUCTS,DEMAND,MONTHLY,MEXICO,THOUSAND BARRELS PER DAY(KB-D),JOINT ORGANISATIONS DATA INITIATIVE - JODI
126,2020-02-01,JODI OIL-WORLD DATABASE,GLOBAL DATA,TOTAL OIL PRODUCTS,DEMAND,MONTHLY,BELARUS,THOUSAND BARRELS PER DAY(KB-D),JOINT ORGANISATIONS DATA INITIATIVE - JODI
272,2020-02-01,JODI OIL-WORLD DATABASE,GLOBAL DATA,TOTAL OIL PRODUCTS,DEMAND,MONTHLY,GREECE,THOUSAND BARRELS PER DAY(KB-D),JOINT ORGANISATIONS DATA INITIATIVE - JODI
690,2020-02-01,JODI OIL-WORLD DATABASE,GLOBAL DATA,TOTAL OIL PRODUCTS,DEMAND,MONTHLY,IRAQ,THOUSAND BARRELS PER DAY(KB-D),JOINT ORGANISATIONS DATA INITIATIVE - JODI
187,2020-02-01,JODI OIL-WORLD DATABASE,GLOBAL DATA,TOTAL OIL PRODUCTS,DEMAND,MONTHLY,NEW ZEALAND,THOUSAND BARRELS PER DAY(KB-D),JOINT ORGANISATIONS DATA INITIATIVE - JODI
1286.63,2020-02-01,JODI OIL-WORLD DATABASE,GLOBAL DATA,TOTAL OIL PRODUCTS,DEMAND,MONTHLY,INDONESIA,THOUSAND BARRELS PER DAY(KB-D),JOINT ORGANISATIONS DATA INITIATIVE - JODI
45,2020-02-01,JODI OIL-WORLD DATABASE,GLOBAL DATA,TOTAL OIL PRODUCTS,DEMAND,MONTHLY,HONDURAS,THOUSAND BARRELS PER DAY(KB-D),JOINT ORGANISATIONS DATA INITIATIVE - JODI
89,2020-02-01,JODI OIL-WORLD DATABASE,GLOBAL DATA,TOTAL OIL PRODUCTS,DEMAND,MONTHLY,GUATEMALA,THOUSAND BARRELS PER DAY(KB-D),JOINT ORGANISATIONS DATA INITIATIVE - JODI
459.11,2020-02-01,JODI OIL-WORLD DATABASE,GLOBAL DATA,TOTAL OIL PRODUCTS,DEMAND,MONTHLY,PHILIPPINES,THOUSAND BARRELS PER DAY(KB-D),JOINT ORGANISATIONS DATA INITIATIVE - JODI
13,2020-02-01,JODI OIL-WORLD DATABASE,GLOBAL DATA,TOTAL OIL PRODUCTS,DEMAND,MONTHLY,GABON,THOUSAND BARRELS PER DAY(KB-D),JOINT ORGANISATIONS DATA INITIATIVE - JODI
16.23,2020-01-01,JODI OIL-WORLD DATABASE,GLOBAL DATA,TOTAL OIL PRODUCTS,DEMAND,MONTHLY,BRUNEI DARUSSALAM,THOUSAND BARRELS PER DAY(KB-D),JOINT ORGANISATIONS DATA INITIATIVE - JODI
2384,2020-01-01,JODI OIL-WORLD DATABASE,GLOBAL DATA,TOTAL OIL PRODUCTS,DEMAND,MONTHLY,GERMANY,THOUSAND BARRELS PER DAY(KB-D),JOINT ORGANISATIONS DATA INITIATIVE - JODI
53.94,2020-01-01,JODI OIL-WORLD DATABASE,GLOBAL DATA,TOTAL OIL PRODUCTS,DEMAND,MONTHLY,CYPRUS,THOUSAND BARRELS PER DAY(KB-D),JOINT ORGANISATIONS DATA INITIATIVE - JODI
206,2020-01-01,JODI OIL-WORLD DATABASE,GLOBAL DATA,TOTAL OIL PRODUCTS,DEMAND,MONTHLY,SWITZERLAND,THOUSAND BARRELS PER DAY(KB-D),JOINT ORGANISATIONS DATA INITIATIVE - JODI
19905,2020-01-01,JODI OIL-WORLD DATABASE,GLOBAL DATA,TOTAL OIL PRODUCTS,DEMAND,MONTHLY,UNITED STATES,THOUSAND BARRELS PER DAY(KB-D),JOINT ORGANISATIONS DATA INITIATIVE - JODI
115,2020-01-01,JODI OIL-WORLD DATABASE,GLOBAL DATA,TOTAL OIL PRODUCTS,DEMAND,MONTHLY,AZERBAIJAN,THOUSAND BARRELS PER DAY(KB-D),JOINT ORGANISATIONS DATA INITIATIVE - JODI
17,2020-01-01,JODI OIL-WORLD DATABASE,GLOBAL DATA,TOTAL OIL PRODUCTS,DEMAND,MONTHLY,ICELAND,THOUSAND BARRELS PER DAY(KB-D),JOINT ORGANISATIONS DATA INITIATIVE - JODI
162,2020-01-01,JODI OIL-WORLD DATABASE,GLOBAL DATA,TOTAL OIL PRODUCTS,DEMAND,MONTHLY,HUNGARY,THOUSAND BARRELS PER DAY(KB-D),JOINT ORGANISATIONS DATA INITIATIVE - JODI
58,2020-01-01,JODI OIL-WORLD DATABASE,GLOBAL DATA,TOTAL OIL PRODUCTS,DEMAND,MONTHLY,LUXEMBOURG,THOUSAND BARRELS PER DAY(KB-D),JOINT ORGANISATIONS DATA INITIATIVE - JODI
1489,2020-01-01,JODI OIL-WORLD DATABASE,GLOBAL DATA,TOTAL OIL PRODUCTS,DEMAND,MONTHLY,UNITED KINGDOM,THOUSAND BARRELS PER DAY(KB-D),JOINT ORGANISATIONS DATA INITIATIVE - JODI
61.04,2020-01-01,JODI OIL-WORLD DATABASE,GLOBAL DATA,TOTAL OIL PRODUCTS,DEMAND,MONTHLY,CROATIA,THOUSAND BARRELS PER DAY(KB-D),JOINT ORGANISATIONS DATA INITIATIVE - JODI
43,2020-01-01,JODI OIL-WORLD DATABASE,GLOBAL DATA,TOTAL OIL PRODUCTS,DEMAND,MONTHLY,BAHRAIN,THOUSAND BARRELS PER DAY(KB-D),JOINT ORGANISATIONS DATA INITIATIVE - JODI
54.23,2020-01-01,JODI OIL-WORLD DATABASE,GLOBAL DATA,TOTAL OIL PRODUCTS,DEMAND,MONTHLY,MALTA,THOUSAND BARRELS PER DAY(KB-D),JOINT ORGANISATIONS DATA INITIATIVE - JODI
3844,2020-01-01,JODI OIL-WORLD DATABASE,GLOBAL DATA,TOTAL OIL PRODUCTS,DEMAND,MONTHLY,JAPAN,THOUSAND BARRELS PER DAY(KB-D),JOINT ORGANISATIONS DATA INITIATIVE - JODI
1178,2020-01-01,JODI OIL-WORLD DATABASE,GLOBAL DATA,TOTAL OIL PRODUCTS,DEMAND,MONTHLY,ITALY,THOUSAND BARRELS PER DAY(KB-D),JOINT ORGANISATIONS DATA INITIATIVE - JODI
28,2020-01-01,JODI OIL-WORLD DATABASE,GLOBAL DATA,TOTAL OIL PRODUCTS,DEMAND,MONTHLY,ESTONIA,THOUSAND BARRELS PER DAY(KB-D),JOINT ORGANISATIONS DATA INITIATIVE - JODI
13178.33,2020-01-01,JODI OIL-WORLD DATABASE,GLOBAL DATA,TOTAL OIL PRODUCTS,DEMAND,MONTHLY,CHINA,THOUSAND BARRELS PER DAY(KB-D),JOINT ORGANISATIONS DATA INITIATIVE - JODI
138,2020-01-01,JODI OIL-WORLD DATABASE,GLOBAL DATA,TOTAL OIL PRODUCTS,DEMAND,MONTHLY,DENMARK,THOUSAND BARRELS PER DAY(KB-D),JOINT ORGANISATIONS DATA INITIATIVE - JODI
649,2020-01-01,JODI OIL-WORLD DATABASE,GLOBAL DATA,TOTAL OIL PRODUCTS,DEMAND,MONTHLY,POLAND,THOUSAND BARRELS PER DAY(KB-D),JOINT ORGANISATIONS DATA INITIATIVE - JODI
1041,2020-01-01,JODI OIL-WORLD DATABASE,GLOBAL DATA,TOTAL OIL PRODUCTS,DEMAND,MONTHLY,AUSTRALIA,THOUSAND BARRELS PER DAY(KB-D),JOINT ORGANISATIONS DATA INITIATIVE - JODI
231,2020-01-01,JODI OIL-WORLD DATABASE,GLOBAL DATA,TOTAL OIL PRODUCTS,DEMAND,MONTHLY,PORTUGAL,THOUSAND BARRELS PER DAY(KB-D),JOINT ORGANISATIONS DATA INITIATIVE - JODI
1244,2020-01-01,JODI OIL-WORLD DATABASE,GLOBAL DATA,TOTAL OIL PRODUCTS,DEMAND,MONTHLY,SPAIN,THOUSAND BARRELS PER DAY(KB-D),JOINT ORGANISATIONS DATA INITIATIVE - JODI
267,2020-01-01,JODI OIL-WORLD DATABASE,GLOBAL DATA,TOTAL OIL PRODUCTS,DEMAND,MONTHLY,SWEDEN,THOUSAND BARRELS PER DAY(KB-D),JOINT ORGANISATIONS DATA INITIATIVE - JODI
188,2020-01-01,JODI OIL-WORLD DATABASE,GLOBAL DATA,TOTAL OIL PRODUCTS,DEMAND,MONTHLY,FINLAND,THOUSAND BARRELS PER DAY(KB-D),JOINT ORGANISATIONS DATA INITIATIVE - JODI
197,2020-01-01,JODI OIL-WORLD DATABASE,GLOBAL DATA,TOTAL OIL PRODUCTS,DEMAND,MONTHLY,CZECH REPUBLIC,THOUSAND BARRELS PER DAY(KB-D),JOINT ORGANISATIONS DATA INITIATIVE - JODI
208,2020-01-01,JODI OIL-WORLD DATABASE,GLOBAL DATA,TOTAL OIL PRODUCTS,DEMAND,MONTHLY,NORWAY,THOUSAND BARRELS PER DAY(KB-D),JOINT ORGANISATIONS DATA INITIATIVE - JODI
941,2020-01-01,JODI OIL-WORLD DATABASE,GLOBAL DATA,TOTAL OIL PRODUCTS,DEMAND,MONTHLY,TURKEY,THOUSAND BARRELS PER DAY(KB-D),JOINT ORGANISATIONS DATA INITIATIVE - JODI
646,2020-01-01,JODI OIL-WORLD DATABASE,GLOBAL DATA,TOTAL OIL PRODUCTS,DEMAND,MONTHLY,BELGIUM,THOUSAND BARRELS PER DAY(KB-D),JOINT ORGANISATIONS DATA INITIATIVE - JODI
44,2020-01-01,JODI OIL-WORLD DATABASE,GLOBAL DATA,TOTAL OIL PRODUCTS,DEMAND,MONTHLY,SLOVENIA,THOUSAND BARRELS PER DAY(KB-D),JOINT ORGANISATIONS DATA INITIATIVE - JODI
150,2020-01-01,JODI OIL-WORLD DATABASE,GLOBAL DATA,TOTAL OIL PRODUCTS,DEMAND,MONTHLY,IRELAND,THOUSAND BARRELS PER DAY(KB-D),JOINT ORGANISATIONS DATA INITIATIVE - JODI
1049,2020-01-01,JODI OIL-WORLD DATABASE,GLOBAL DATA,TOTAL OIL PRODUCTS,DEMAND,MONTHLY,NETHERLANDS,THOUSAND BARRELS PER DAY(KB-D),JOINT ORGANISATIONS DATA INITIATIVE - JODI
54.73,2020-01-01,JODI OIL-WORLD DATABASE,GLOBAL DATA,TOTAL OIL PRODUCTS,DEMAND,MONTHLY,LITHUANIA,THOUSAND BARRELS PER DAY(KB-D),JOINT ORGANISATIONS DATA INITIATIVE - JODI
1018.81,2020-01-01,JODI OIL-WORLD DATABASE,GLOBAL DATA,TOTAL OIL PRODUCTS,DEMAND,MONTHLY,THAILAND,THOUSAND BARRELS PER DAY(KB-D),JOINT ORGANISATIONS DATA INITIATIVE - JODI
2601,2020-01-01,JODI OIL-WORLD DATABASE,GLOBAL DATA,TOTAL OIL PRODUCTS,DEMAND,MONTHLY,CANADA,THOUSAND BARRELS PER DAY(KB-D),JOINT ORGANISATIONS DATA INITIATIVE - JODI
1613,2020-01-01,JODI OIL-WORLD DATABASE,GLOBAL DATA,TOTAL OIL PRODUCTS,DEMAND,MONTHLY,FRANCE,THOUSAND BARRELS PER DAY(KB-D),JOINT ORGANISATIONS DATA INITIATIVE - JODI
2861,2020-01-01,JODI OIL-WORLD DATABASE,GLOBAL DATA,TOTAL OIL PRODUCTS,DEMAND,MONTHLY,"KOREA, REPUBLIC OF",THOUSAND BARRELS PER DAY(KB-D),JOINT ORGANISATIONS DATA INITIATIVE - JODI
532,2020-01-01,JODI OIL-WORLD DATABASE,GLOBAL DATA,TOTAL OIL PRODUCTS,DEMAND,MONTHLY,NIGERIA,THOUSAND BARRELS PER DAY(KB-D),JOINT ORGANISATIONS DATA INITIATIVE - JODI
247,2020-01-01,JODI OIL-WORLD DATABASE,GLOBAL DATA,TOTAL OIL PRODUCTS,DEMAND,MONTHLY,AUSTRIA,THOUSAND BARRELS PER DAY(KB-D),JOINT ORGANISATIONS DATA INITIATIVE - JODI
2211,2020-01-01,JODI OIL-WORLD DATABASE,GLOBAL DATA,TOTAL OIL PRODUCTS,DEMAND,MONTHLY,SAUDI ARABIA,THOUSAND BARRELS PER DAY(KB-D),JOINT ORGANISATIONS DATA INITIATIVE - JODI
441,2020-01-01,JODI OIL-WORLD DATABASE,GLOBAL DATA,TOTAL OIL PRODUCTS,DEMAND,MONTHLY,CHILE,THOUSAND BARRELS PER DAY(KB-D),JOINT ORGANISATIONS DATA INITIATIVE - JODI
86,2020-01-01,JODI OIL-WORLD DATABASE,GLOBAL DATA,TOTAL OIL PRODUCTS,DEMAND,MONTHLY,SLOVAKIA,THOUSAND BARRELS PER DAY(KB-D),JOINT ORGANISATIONS DATA INITIATIVE - JODI
41,2020-01-01,JODI OIL-WORLD DATABASE,GLOBAL DATA,TOTAL OIL PRODUCTS,DEMAND,MONTHLY,COSTA RICA,THOUSAND BARRELS PER DAY(KB-D),JOINT ORGANISATIONS DATA INITIATIVE - JODI
597,2020-01-01,JODI OIL-WORLD DATABASE,GLOBAL DATA,TOTAL OIL PRODUCTS,DEMAND,MONTHLY,ARGENTINA,THOUSAND BARRELS PER DAY(KB-D),JOINT ORGANISATIONS DATA INITIATIVE - JODI
2443,2020-01-01,JODI OIL-WORLD DATABASE,GLOBAL DATA,TOTAL OIL PRODUCTS,DEMAND,MONTHLY,BRAZIL,THOUSAND BARRELS PER DAY(KB-D),JOINT ORGANISATIONS DATA INITIATIVE - JODI
181,2020-01-01,JODI OIL-WORLD DATABASE,GLOBAL DATA,TOTAL OIL PRODUCTS,DEMAND,MONTHLY,UKRAINE,THOUSAND BARRELS PER DAY(KB-D),JOINT ORGANISATIONS DATA INITIATIVE - JODI
5,2020-01-01,JODI OIL-WORLD DATABASE,GLOBAL DATA,TOTAL OIL PRODUCTS,DEMAND,MONTHLY,EQUATORIAL GUINEA,THOUSAND BARRELS PER DAY(KB-D),JOINT ORGANISATIONS DATA INITIATIVE - JODI
26,2020-01-01,JODI OIL-WORLD DATABASE,GLOBAL DATA,TOTAL OIL PRODUCTS,DEMAND,MONTHLY,GEORGIA,THOUSAND BARRELS PER DAY(KB-D),JOINT ORGANISATIONS DATA INITIATIVE - JODI
24,2020-01-01,JODI OIL-WORLD DATABASE,GLOBAL DATA,TOTAL OIL PRODUCTS,DEMAND,MONTHLY,JAMAICA,THOUSAND BARRELS PER DAY(KB-D),JOINT ORGANISATIONS DATA INITIATIVE - JODI
33.82,2020-01-01,JODI OIL-WORLD DATABASE,GLOBAL DATA,TOTAL OIL PRODUCTS,DEMAND,MONTHLY,PAPUA NEW GUINEA,THOUSAND BARRELS PER DAY(KB-D),JOINT ORGANISATIONS DATA INITIATIVE - JODI
16,2020-01-01,JODI OIL-WORLD DATABASE,GLOBAL DATA,TOTAL OIL PRODUCTS,DEMAND,MONTHLY,"MOLDOVA, REPUBLIC OF",THOUSAND BARRELS PER DAY(KB-D),JOINT ORGANISATIONS DATA INITIATIVE - JODI
1499,2020-01-01,JODI OIL-WORLD DATABASE,GLOBAL DATA,TOTAL OIL PRODUCTS,DEMAND,MONTHLY,MEXICO,THOUSAND BARRELS PER DAY(KB-D),JOINT ORGANISATIONS DATA INITIATIVE - JODI
159,2020-01-01,JODI OIL-WORLD DATABASE,GLOBAL DATA,TOTAL OIL PRODUCTS,DEMAND,MONTHLY,BELARUS,THOUSAND BARRELS PER DAY(KB-D),JOINT ORGANISATIONS DATA INITIATIVE - JODI
307,2020-01-01,JODI OIL-WORLD DATABASE,GLOBAL DATA,TOTAL OIL PRODUCTS,DEMAND,MONTHLY,GREECE,THOUSAND BARRELS PER DAY(KB-D),JOINT ORGANISATIONS DATA INITIATIVE - JODI
757,2020-01-01,JODI OIL-WORLD DATABASE,GLOBAL DATA,TOTAL OIL PRODUCTS,DEMAND,MONTHLY,IRAQ,THOUSAND BARRELS PER DAY(KB-D),JOINT ORGANISATIONS DATA INITIATIVE - JODI
183,2020-01-01,JODI OIL-WORLD DATABASE,GLOBAL DATA,TOTAL OIL PRODUCTS,DEMAND,MONTHLY,NEW ZEALAND,THOUSAND BARRELS PER DAY(KB-D),JOINT ORGANISATIONS DATA INITIATIVE - JODI
1198.4,2020-01-01,JODI OIL-WORLD DATABASE,GLOBAL DATA,TOTAL OIL PRODUCTS,DEMAND,MONTHLY,INDONESIA,THOUSAND BARRELS PER DAY(KB-D),JOINT ORGANISATIONS DATA INITIATIVE - JODI
42,2020-01-01,JODI OIL-WORLD DATABASE,GLOBAL DATA,TOTAL OIL PRODUCTS,DEMAND,MONTHLY,HONDURAS,THOUSAND BARRELS PER DAY(KB-D),JOINT ORGANISATIONS DATA INITIATIVE - JODI
81,2020-01-01,JODI OIL-WORLD DATABASE,GLOBAL DATA,TOTAL OIL PRODUCTS,DEMAND,MONTHLY,GUATEMALA,THOUSAND BARRELS PER DAY(KB-D),JOINT ORGANISATIONS DATA INITIATIVE - JODI
308,2020-01-01,JODI OIL-WORLD DATABASE,GLOBAL DATA,TOTAL OIL PRODUCTS,DEMAND,MONTHLY,KUWAIT,THOUSAND BARRELS PER DAY(KB-D),JOINT ORGANISATIONS DATA INITIATIVE - JODI
31,2020-01-01,JODI OIL-WORLD DATABASE,GLOBAL DATA,TOTAL OIL PRODUCTS,DEMAND,MONTHLY,NICARAGUA,THOUSAND BARRELS PER DAY(KB-D),JOINT ORGANISATIONS DATA INITIATIVE - JODI
456.84,2020-01-01,JODI OIL-WORLD DATABASE,GLOBAL DATA,TOTAL OIL PRODUCTS,DEMAND,MONTHLY,PHILIPPINES,THOUSAND BARRELS PER DAY(KB-D),JOINT ORGANISATIONS DATA INITIATIVE - JODI
13,2020-01-01,JODI OIL-WORLD DATABASE,GLOBAL DATA,TOTAL OIL PRODUCTS,DEMAND,MONTHLY,GABON,THOUSAND BARRELS PER DAY(KB-D),JOINT ORGANISATIONS DATA INITIATIVE - JODI
